Subject,Session,Calibration_Error,Hours_Considered,Cleaning_Code,Valid_Days
sub-7062,ses-1,Pass,ERROR: Too few hours considered,Pass,Pass: ≥2 weekend days and ≥3 weekdays
sub-7015,ses-1,Pass,ERROR: Too few hours considered,Pass,Pass: ≥2 weekend days and ≥3 weekdays
sub-7068,ses-1,Pass,ERROR: Too few hours considered,Pass,ERROR: Fewer than 2 weekend days for at least one session
sub-7086,ses-1,Pass,ERROR: Too few hours considered,ERROR: Cleaning code missing,Pass: ≥2 weekend days and ≥3 weekdays
sub-7027,ses-1,Pass,ERROR: Too few hours considered,Pass,Pass: ≥2 weekend days and ≥3 weekdays
sub-7050,ses-1,Pass,ERROR: Too few hours considered,Pass,Pass: ≥2 weekend days and ≥3 weekdays
sub-7120,ses-1,Pass,ERROR: Too few hours considered,Pass,Pass: ≥2 weekend days and ≥3 weekdays
sub-7006,ses-1,Pass,ERROR: Too few hours considered,Pass,Pass: ≥2 weekend days and ≥3 weekdays
sub-7133,ses-1,Pass,ERROR: Too few hours considered,Pass,Pass: ≥2 weekend days and ≥3 weekdays
sub-7049,ses-1,Pass,ERROR: Too few hours considered,Pass,Pass: ≥2 weekend days and ≥3 weekdays
sub-7034,ses-1,Pass,ERROR: Too few hours considered,Pass,Pass: ≥2 weekend days and ≥3 weekdays
sub-7043,ses-1,Pass,ERROR: Too few hours considered,Pass,Pass: ≥2 weekend days and ≥3 weekdays
sub-6015,ses-1,Pass,ERROR: Too few hours considered,ERROR: Cleaning code missing,ERROR: No valid-days data found for at least one session
sub-6012,ses-1,Pass,ERROR: Too few hours considered,ERROR: Cleaning code missing,ERROR: No valid-days data found for at least one session
sub-6018,ses-1,Pass,ERROR: Too few hours considered,Pass,ERROR: No valid-days data found for at least one session
sub-7039,ses-1,Pass,ERROR: Too few hours considered,Pass,Pass: ≥2 weekend days and ≥3 weekdays
sub-7134,ses-1,Pass,Pass,Pass,Pass: ≥2 weekend days and ≥3 weekdays
sub-7033,ses-1,Pass,ERROR: Too few hours considered,Pass,Pass: ≥2 weekend days and ≥3 weekdays
sub-6020,ses-1,Pass,ERROR: Too few hours considered,Pass,ERROR: No valid-days data found for at least one session
sub-7106,ses-1,Pass,ERROR: Too few hours considered,Pass,Pass: ≥2 weekend days and ≥3 weekdays
sub-7092,ses-1,Pass,ERROR: Too few hours considered,Pass,Pass: ≥2 weekend days and ≥3 weekdays
sub-7001,ses-1,Pass,ERROR: Too few hours considered,ERROR: Cleaning code missing,ERROR: Fewer than 2 weekend days for at least one session
sub-7076,ses-1,Pass,ERROR: Too few hours considered,Pass,Pass: ≥2 weekend days and ≥3 weekdays
sub-7057,ses-1,Pass,ERROR: Too few hours considered,Pass,ERROR: Fewer than 2 weekend days for at least one session
sub-7020,ses-1,Pass,ERROR: Too few hours considered,Pass,Pass: ≥2 weekend days and ≥3 weekdays
sub-7012,ses-1,Pass,ERROR: Too few hours considered,Pass,Pass: ≥2 weekend days and ≥3 weekdays
sub-7115,ses-1,Pass,ERROR: Too few hours considered,Pass,Pass: ≥2 weekend days and ≥3 weekdays
sub-7085,ses-1,Pass,ERROR: Too few hours considered,Pass,Pass: ≥2 weekend days and ≥3 weekdays
sub-7016,ses-1,Pass,ERROR: Too few hours considered,Pass,Pass: ≥2 weekend days and ≥3 weekdays
sub-7061,ses-1,Pass,ERROR: Too few hours considered,Pass,Pass: ≥2 weekend days and ≥3 weekdays
sub-7059,ses-1,Pass,ERROR: Too few hours considered,Pass,Pass: ≥2 weekend days and ≥3 weekdays
sub-7024,ses-1,Pass,ERROR: Too few hours considered,Pass,ERROR: Fewer than 2 weekend days for at least one session
sub-7129,ses-1,Pass,ERROR: Too few hours considered,Pass,Pass: ≥2 weekend days and ≥3 weekdays
sub-7072,ses-1,Pass,ERROR: Too few hours considered,Pass,Pass: ≥2 weekend days and ≥3 weekdays
sub-7096,ses-1,Pass,ERROR: Too few hours considered,Pass,Pass: ≥2 weekend days and ≥3 weekdays
sub-7102,ses-1,Pass,ERROR: Too few hours considered,Pass,Pass: ≥2 weekend days and ≥3 weekdays
sub-7078,ses-1,Pass,ERROR: Too few hours considered,ERROR: Cleaning code missing,Pass: ≥2 weekend days and ≥3 weekdays
sub-6016,ses-1,Pass,ERROR: Too few hours considered,ERROR: Cleaning code missing,ERROR: No valid-days data found for at least one session
sub-7040,ses-1,Pass,ERROR: Too few hours considered,Pass,Pass: ≥2 weekend days and ≥3 weekdays
sub-7037,ses-1,Pass,ERROR: Too few hours considered,Pass,Pass: ≥2 weekend days and ≥3 weekdays
sub-7030,ses-1,Pass,ERROR: Too few hours considered,Pass,Pass: ≥2 weekend days and ≥3 weekdays
sub-7047,ses-1,Pass,ERROR: Too few hours considered,Pass,Pass: ≥2 weekend days and ≥3 weekdays
sub-7137,ses-1,Pass,ERROR: Too few hours considered,Pass,Pass: ≥2 weekend days and ≥3 weekdays
sub-6011,ses-1,Pass,Pass,Pass,Pass: ≥2 weekend days and ≥3 weekdays
sub-7075,ses-1,Pass,ERROR: Too few hours considered,ERROR: Cleaning code missing,Pass: ≥2 weekend days and ≥3 weekdays
sub-7002,ses-1,Pass,ERROR: Too few hours considered,Pass,Pass: ≥2 weekend days and ≥3 weekdays
sub-7105,ses-1,Pass,ERROR: Too few hours considered,Pass,Pass: ≥2 weekend days and ≥3 weekdays
sub-7091,ses-1,Pass,ERROR: Too few hours considered,Pass,Pass: ≥2 weekend days and ≥3 weekdays
sub-7124,ses-1,Pass,ERROR: Too few hours considered,Pass,Pass: ≥2 weekend days and ≥3 weekdays
sub-7029,ses-1,Pass,ERROR: Too few hours considered,Pass,Pass: ≥2 weekend days and ≥3 weekdays
sub-7023,ses-1,Pass,ERROR: Too few hours considered,Pass,Pass: ≥2 weekend days and ≥3 weekdays
sub-7054,ses-1,Pass,ERROR: Too few hours considered,Pass,Pass: ≥2 weekend days and ≥3 weekdays
sub-7116,ses-1,Pass,ERROR: Too few hours considered,Pass,Pass: ≥2 weekend days and ≥3 weekdays
sub-7082,ses-1,Pass,ERROR: Too few hours considered,Pass,Pass: ≥2 weekend days and ≥3 weekdays
sub-7088,ses-1,Pass,ERROR: Too few hours considered,Pass,Pass: ≥2 weekend days and ≥3 weekdays
sub-7021,ses-1,Pass,Pass,Pass,Pass: ≥2 weekend days and ≥3 weekdays
sub-7056,ses-1,Pass,ERROR: Too few hours considered,Pass,Pass: ≥2 weekend days and ≥3 weekdays
sub-7114,ses-1,Pass,ERROR: Too few hours considered,Pass,Pass: ≥2 weekend days and ≥3 weekdays
sub-7080,ses-1,Pass,ERROR: Too few hours considered,ERROR: Cleaning code missing,Pass: ≥2 weekend days and ≥3 weekdays
sub-7019,ses-1,Pass,ERROR: Too few hours considered,Pass,Pass: ≥2 weekend days and ≥3 weekdays
sub-7064,ses-1,Pass,ERROR: Too few hours considered,Pass,Pass: ≥2 weekend days and ≥3 weekdays
sub-6013,ses-1,Pass,ERROR: Too few hours considered,Pass,Pass: ≥2 weekend days and ≥3 weekdays
sub-7032,ses-1,Pass,ERROR: Too few hours considered,Pass,Pass: ≥2 weekend days and ≥3 weekdays
sub-7099,ses-1,Pass,ERROR: Too few hours considered,ERROR: Cleaning code missing,ERROR: Fewer than 2 weekend days for at least one session
sub-7107,ses-1,Pass,ERROR: Too few hours considered,Pass,Pass: ≥2 weekend days and ≥3 weekdays
sub-7094,ses-1,Pass,ERROR: Too few hours considered,Pass,Pass: ≥2 weekend days and ≥3 weekdays
sub-7042,ses-1,Pass,ERROR: Too few hours considered,Pass,Pass: ≥2 weekend days and ≥3 weekdays
sub-7035,ses-1,Pass,ERROR: Too few hours considered,Pass,Pass: ≥2 weekend days and ≥3 weekdays
sub-7048,ses-1,Pass,ERROR: Too few hours considered,Pass,ERROR: Fewer than 2 weekend days for at least one session
sub-7069,ses-1,Pass,ERROR: Too few hours considered,Pass,Pass: ≥2 weekend days and ≥3 weekdays
sub-7087,ses-1,Pass,ERROR: Too few hours considered,ERROR: Cleaning code missing,Pass: ≥2 weekend days and ≥3 weekdays
sub-7113,ses-1,Pass,ERROR: Too few hours considered,Pass,Pass: ≥2 weekend days and ≥3 weekdays
sub-7063,ses-1,Pass,ERROR: Too few hours considered,Pass,Pass: ≥2 weekend days and ≥3 weekdays
sub-7026,ses-1,Pass,ERROR: Too few hours considered,Pass,Pass: ≥2 weekend days and ≥3 weekdays
sub-7022,ses-1,Pass,ERROR: Too few hours considered,Pass,Pass: ≥2 weekend days and ≥3 weekdays
sub-7125,ses-1,Pass,ERROR: Too few hours considered,Pass,Pass: ≥2 weekend days and ≥3 weekdays
sub-7028,ses-1,Pass,ERROR: Too few hours considered,Pass,Pass: ≥2 weekend days and ≥3 weekdays
sub-7010,ses-1,Pass,ERROR: Too few hours considered,ERROR: Cleaning code missing,ERROR: Fewer than 2 weekend days for at least one session
sub-7067,ses-1,Pass,ERROR: Too few hours considered,Pass,Pass: ≥2 weekend days and ≥3 weekdays
sub-7083,ses-1,Pass,ERROR: Too few hours considered,ERROR: Cleaning code missing,Pass: ≥2 weekend days and ≥3 weekdays
sub-7031,ses-1,Pass,ERROR: Too few hours considered,Pass,Pass: ≥2 weekend days and ≥3 weekdays
sub-6010,ses-1,Pass,ERROR: Too few hours considered,ERROR: Cleaning code missing,ERROR: No valid-days data found for at least one session
sub-7009,ses-1,Pass,ERROR: Too few hours considered,Pass,Pass: ≥2 weekend days and ≥3 weekdays
sub-7090,ses-1,Pass,ERROR: Too few hours considered,Pass,Pass: ≥2 weekend days and ≥3 weekdays
sub-7003,ses-1,Pass,ERROR: Too few hours considered,Pass,Pass: ≥2 weekend days and ≥3 weekdays
sub-6022,ses-1,Pass,ERROR: Too few hours considered,Pass,ERROR: No valid-days data found for at least one session
sub-7097,ses-1,Pass,ERROR: Too few hours considered,Pass,Pass: ≥2 weekend days and ≥3 weekdays
sub-7073,ses-1,Pass,ERROR: Too few hours considered,Pass,Pass: ≥2 weekend days and ≥3 weekdays
sub-7004,ses-1,Pass,ERROR: Too few hours considered,Pass,Pass: ≥2 weekend days and ≥3 weekdays
sub-6017,ses-1,Pass,ERROR: Too few hours considered,Pass,ERROR: No valid-days data found for at least one session
sub-7041,ses-1,Pass,ERROR: Too few hours considered,Pass,Pass: ≥2 weekend days and ≥3 weekdays
sub-7017,ses-1,Pass,ERROR: Too few hours considered,Pass,ERROR: Fewer than 2 weekend days for at least one session
sub-7084,ses-1,Pass,ERROR: Too few hours considered,Pass,Pass: ≥2 weekend days and ≥3 weekdays
sub-7110,ses-1,Pass,ERROR: Too few hours considered,Pass,Pass: ≥2 weekend days and ≥3 weekdays
sub-7025,ses-1,Pass,ERROR: Too few hours considered,Pass,Pass: ≥2 weekend days and ≥3 weekdays
sub-7052,ses-1,Pass,ERROR: Too few hours considered,Pass,Pass: ≥2 weekend days and ≥3 weekdays
sub-7058,ses-1,Pass,ERROR: Too few hours considered,Pass,Pass: ≥2 weekend days and ≥3 weekdays
sub-7122,ses-1,Pass,ERROR: Too few hours considered,Pass,Pass: ≥2 weekend days and ≥3 weekdays
sub-8015,ses-1,Pass,ERROR: Too few hours considered,ERROR: Cleaning code missing,Pass: ≥2 weekend days and ≥3 weekdays
sub-8006,ses-1,Pass,ERROR: Too few hours considered,ERROR: Cleaning code missing,Pass: ≥2 weekend days and ≥3 weekdays
sub-8020,ses-1,Pass,ERROR: Too few hours considered,ERROR: Cleaning code missing,Pass: ≥2 weekend days and ≥3 weekdays
sub-8018,ses-1,Pass,WARNING: Exceeds expected hours (possible worn-day mismatch),ERROR: Cleaning code missing,Pass: ≥2 weekend days and ≥3 weekdays
sub-8016,ses-1,Pass,ERROR: Too few hours considered,ERROR: Cleaning code missing,Pass: ≥2 weekend days and ≥3 weekdays
sub-8024,ses-1,Pass,ERROR: Too few hours considered,ERROR: Cleaning code missing,Pass: ≥2 weekend days and ≥3 weekdays
sub-8005,ses-1,Pass,ERROR: Too few hours considered,ERROR: Cleaning code missing,Pass: ≥2 weekend days and ≥3 weekdays
sub-8037,ses-1,Pass,ERROR: Too few hours considered,ERROR: Cleaning code missing,Pass: ≥2 weekend days and ≥3 weekdays
sub-8002,ses-1,Pass,ERROR: Too few hours considered,ERROR: Cleaning code missing,Pass: ≥2 weekend days and ≥3 weekdays
sub-8008,ses-1,Pass,ERROR: Too few hours considered,ERROR: Cleaning code missing,ERROR: Fewer than 2 weekend days for at least one session
sub-8023,ses-1,Pass,ERROR: Too few hours considered,ERROR: Cleaning code missing,Pass: ≥2 weekend days and ≥3 weekdays
sub-8011,ses-1,Pass,ERROR: Too few hours considered,ERROR: Cleaning code missing,Pass: ≥2 weekend days and ≥3 weekdays
sub-8021,ses-1,Pass,ERROR: Too few hours considered,ERROR: Cleaning code missing,ERROR: Fewer than 2 weekend days for at least one session
sub-8019,ses-1,Pass,ERROR: Too few hours considered,ERROR: Cleaning code missing,Pass: ≥2 weekend days and ≥3 weekdays
sub-8035,ses-1,Pass,ERROR: Too few hours considered,ERROR: Cleaning code missing,Pass: ≥2 weekend days and ≥3 weekdays
sub-8014,ses-1,Pass,ERROR: Too few hours considered,ERROR: Cleaning code missing,Pass: ≥2 weekend days and ≥3 weekdays
sub-8026,ses-1,Pass,ERROR: Too few hours considered,ERROR: Cleaning code missing,Pass: ≥2 weekend days and ≥3 weekdays
sub-8022,ses-1,Pass,ERROR: Too few hours considered,ERROR: Cleaning code missing,Pass: ≥2 weekend days and ≥3 weekdays
sub-8003,ses-1,Pass,ERROR: Too few hours considered,Pass,Pass: ≥2 weekend days and ≥3 weekdays
sub-8004,ses-1,Pass,ERROR: Too few hours considered,Pass,ERROR: Fewer than 3 weekdays for at least one session
sub-8036,ses-1,Pass,ERROR: Too few hours considered,ERROR: Cleaning code missing,Pass: ≥2 weekend days and ≥3 weekdays
sub-8016,ses-2,Pass,ERROR: Too few hours considered,ERROR: Cleaning code missing,Pass: ≥2 weekend days and ≥3 weekdays
sub-8005,ses-2,Pass,ERROR: Too few hours considered,ERROR: Cleaning code missing,Pass: ≥2 weekend days and ≥3 weekdays
sub-8008,ses-2,Pass,ERROR: Too few hours considered,Pass,Pass: ≥2 weekend days and ≥3 weekdays
sub-8002,ses-5,Pass,ERROR: Too few hours considered,ERROR: Cleaning code missing,ERROR: Fewer than 2 weekend days for at least one session
sub-8002,ses-2,Pass,ERROR: Too few hours considered,ERROR: Cleaning code missing,Pass: ≥2 weekend days and ≥3 weekdays
sub-8011,ses-2,Pass,ERROR: Too few hours considered,ERROR: Cleaning code missing,Pass: ≥2 weekend days and ≥3 weekdays
sub-8006,ses-2,Pass,ERROR: Too few hours considered,ERROR: Cleaning code missing,Pass: ≥2 weekend days and ≥3 weekdays
sub-8018,ses-2,Pass,WARNING: Exceeds expected hours (possible worn-day mismatch),ERROR: Cleaning code missing,Pass: ≥2 weekend days and ≥3 weekdays
sub-8022,ses-2,Pass,ERROR: Too few hours considered,ERROR: Cleaning code missing,Pass: ≥2 weekend days and ≥3 weekdays
sub-8003,ses-2,Pass,ERROR: Too few hours considered,ERROR: Cleaning code missing,Pass: ≥2 weekend days and ≥3 weekdays
sub-8004,ses-2,Pass,ERROR: Too few hours considered,Pass,Pass: ≥2 weekend days and ≥3 weekdays
sub-8019,ses-2,Pass,ERROR: Too few hours considered,ERROR: Cleaning code missing,Pass: ≥2 weekend days and ≥3 weekdays
sub-8026,ses-2,Pass,ERROR: Too few hours considered,ERROR: Cleaning code missing,Pass: ≥2 weekend days and ≥3 weekdays
sub-7043,ses-2,Pass,ERROR: Too few hours considered,Pass,Pass: ≥2 weekend days and ≥3 weekdays
sub-8024,ses-2,Pass,ERROR: Too few hours considered,ERROR: Cleaning code missing,Pass: ≥2 weekend days and ≥3 weekdays
sub-8053,ses-1,Pass,ERROR: Too few hours considered,ERROR: Cleaning code missing,Pass: ≥2 weekend days and ≥3 weekdays
sub-8040,ses-1,Pass,ERROR: Too few hours considered,ERROR: Cleaning code missing,Pass: ≥2 weekend days and ≥3 weekdays
sub-8005,ses-3,Pass,ERROR: Too few hours considered,Pass,Pass: ≥2 weekend days and ≥3 weekdays
sub-8005,ses-4,Pass,ERROR: Too few hours considered,ERROR: Cleaning code missing,Pass: ≥2 weekend days and ≥3 weekdays
sub-8008,ses-3,Pass,ERROR: Too few hours considered,ERROR: Cleaning code missing,Pass: ≥2 weekend days and ≥3 weekdays
sub-8047,ses-2,Pass,ERROR: Too few hours considered,ERROR: Cleaning code missing,Pass: ≥2 weekend days and ≥3 weekdays
sub-8047,ses-1,Pass,ERROR: Too few hours considered,ERROR: Cleaning code missing,Pass: ≥2 weekend days and ≥3 weekdays
sub-8054,ses-1,Pass,ERROR: Too few hours considered,ERROR: Cleaning code missing,Pass: ≥2 weekend days and ≥3 weekdays
sub-8050,ses-1,Pass,ERROR: Too few hours considered,ERROR: Cleaning code missing,Pass: ≥2 weekend days and ≥3 weekdays
sub-8006,ses-4,Pass,ERROR: Too few hours considered,ERROR: Cleaning code missing,Pass: ≥2 weekend days and ≥3 weekdays
sub-8006,ses-3,Pass,ERROR: Too few hours considered,ERROR: Cleaning code missing,Pass: ≥2 weekend days and ≥3 weekdays
sub-8039,ses-1,Pass,ERROR: Too few hours considered,ERROR: Cleaning code missing,Pass: ≥2 weekend days and ≥3 weekdays
sub-8039,ses-2,Pass,ERROR: Too few hours considered,ERROR: Cleaning code missing,Pass: ≥2 weekend days and ≥3 weekdays
sub-8018,ses-3,Pass,WARNING: Exceeds expected hours (possible worn-day mismatch),ERROR: Cleaning code missing,Pass: ≥2 weekend days and ≥3 weekdays
sub-7055,ses-1,Pass,ERROR: Too few hours considered,Pass,Pass: ≥2 weekend days and ≥3 weekdays
sub-7207,ses-1,Pass,ERROR: Too few hours considered,Pass,Pass: ≥2 weekend days and ≥3 weekdays
sub-7197,ses-1,Pass,ERROR: Too few hours considered,Pass,Pass: ≥2 weekend days and ≥3 weekdays
sub-7104,ses-1,Pass,ERROR: Too few hours considered,Pass,Pass: ≥2 weekend days and ≥3 weekdays
sub-7173,ses-1,Pass,ERROR: Too few hours considered,Pass,Pass: ≥2 weekend days and ≥3 weekdays
sub-7141,ses-1,Pass,ERROR: Too few hours considered,Pass,Pass: ≥2 weekend days and ≥3 weekdays
ays,,,,,
sub-7136,ses-1,Pass,ERROR: Too few hours considered,Pass,Pass: ≥2 weekend days and ≥3 weekdays
ass: ≥2 weekend days and ≥3 weekdays,,,,,
sub-7041,ses-2,Pass,WARNING: Exceeds expected hours (possible worn-day mismatch),ERROR: Cleaning code missing,Pass: ≥2 weekend days and ≥3 weekdays
sub-7146,ses-1,Pass,ERROR: Too few hours considered,Pass,Pass: ≥2 weekend days and ≥3 weekdays
sub-7190,ses-1,Pass,ERROR: Too few hours considered,Pass,Pass: ≥2 weekend days and ≥3 weekdays
sub-7174,ses-1,Pass,ERROR: Too few hours considered,Pass,Pass: ≥2 weekend days and ≥3 weekdays
sub-7103,ses-1,Pass,ERROR: Too few hours considered,Pass,Pass: ≥2 weekend days and ≥3 weekdays
sub-7079,ses-1,Pass,ERROR: Too few hours considered,Pass,Pass: ≥2 weekend days and ≥3 weekdays
sub-7200,ses-1,Pass,ERROR: Too few hours considered,Pass,Pass: ≥2 weekend days and ≥3 weekdays
sub-7155,ses-1,Pass,ERROR: Too few hours considered,Pass,Pass: ≥2 weekend days and ≥3 weekdays
sub-7128,ses-1,Pass,ERROR: Too few hours considered,Pass,Pass: ≥2 weekend days and ≥3 weekdays
sub-7221,ses-1,Pass,ERROR: Too few hours considered,Pass,Pass: ≥2 weekend days and ≥3 weekdays
sub-7189,ses-1,Pass,ERROR: Too few hours considered,Pass,Pass: ≥2 weekend days and ≥3 weekdays
sub-7167,ses-1,Pass,ERROR: Too few hours considered,Pass,ERROR: Fewer than 2 weekend days for at least one session
sub-7183,ses-1,Pass,ERROR: Too few hours considered,Pass,Pass: ≥2 weekend days and ≥3 weekdays
sub-7187,ses-1,Pass,ERROR: Too few hours considered,Pass,Pass: ≥2 weekend days and ≥3 weekdays
sub-7151,ses-1,Pass,Pass,Pass,Pass: ≥2 weekend days and ≥3 weekdays
sub-7170,ses-1,Pass,ERROR: Too few hours considered,Pass,Pass: ≥2 weekend days and ≥3 weekdays
sub-7093,ses-1,Pass,ERROR: Too few hours considered,Pass,Pass: ≥2 weekend days and ≥3 weekdays
sub-7194,ses-1,Pass,ERROR: Too few hours considered,Pass,Pass: ≥2 weekend days and ≥3 weekdays
sub-7077,ses-1,Pass,ERROR: Too few hours considered,Pass,Pass: ≥2 weekend days and ≥3 weekdays
sub-7204,ses-1,Pass,ERROR: Too few hours considered,Pass,Pass: ≥2 weekend days and ≥3 weekdays
sub-7142,ses-1,Pass,ERROR: Too few hours considered,Pass,Pass: ≥2 weekend days and ≥3 weekdays
sub-7045,ses-1,Pass,ERROR: Too few hours considered,Pass,Pass: ≥2 weekend days and ≥3 weekdays
sub-7145,ses-1,Pass,ERROR: Too few hours considered,Pass,Pass: ≥2 weekend days and ≥3 weekdays
sub-7138,ses-1,Pass,ERROR: Too few hours considered,Pass,Pass: ≥2 weekend days and ≥3 weekdays
sub-7209,ses-1,Pass,ERROR: Too few hours considered,Pass,ERROR: Fewer than 2 weekend days for at least one session
sub-7203,ses-1,Pass,ERROR: Too few hours considered,Pass,ERROR: Fewer than 2 weekend days for at least one session
sub-7070,ses-1,Pass,ERROR: Too few hours considered,Pass,Pass: ≥2 weekend days and ≥3 weekdays
sub-7156,ses-1,Pass,ERROR: Too few hours considered,Pass,ERROR: Fewer than 2 weekend days for at least one session
sub-7180,ses-1,Pass,ERROR: Too few hours considered,Pass,Pass: ≥2 weekend days and ≥3 weekdays
sub-7164,ses-1,Pass,ERROR: Too few hours considered,Pass,Pass: ≥2 weekend days and ≥3 weekdays
sub-7220,ses-1,Pass,ERROR: Too few hours considered,Pass,Pass: ≥2 weekend days and ≥3 weekdays
sub-7182,ses-1,Pass,ERROR: Too few hours considered,Pass,Pass: ≥2 weekend days and ≥3 weekdays
sub-7188,ses-1,Pass,ERROR: Too few hours considered,Pass,Pass: ≥2 weekend days and ≥3 weekdays
sub-7212,ses-1,Pass,ERROR: Too few hours considered,Pass,ERROR: Fewer than 2 weekend days for at least one session
sub-7147,ses-1,Pass,ERROR: Too few hours considered,Pass,Pass: ≥2 weekend days and ≥3 weekdays
sub-7175,ses-1,Pass,ERROR: Too few hours considered,Pass,Pass: ≥2 weekend days and ≥3 weekdays
sub-7108,ses-1,Pass,Pass,Pass,Pass: ≥2 weekend days and ≥3 weekdays
sub-7206,ses-1,Pass,ERROR: Too few hours considered,Pass,Pass: ≥2 weekend days and ≥3 weekdays
sub-7172,ses-1,Pass,ERROR: Too few hours considered,Pass,Pass: ≥2 weekend days and ≥3 weekdays
sub-7196,ses-1,Pass,ERROR: Too few hours considered,ERROR: Cleaning code missing,ERROR: Fewer than 2 weekend days for at least one session
sub-7178,ses-1,Pass,ERROR: Too few hours considered,Pass,Pass: ≥2 weekend days and ≥3 weekdays
sub-7140,ses-1,Pass,ERROR: Too few hours considered,Pass,Pass: ≥2 weekend days and ≥3 weekdays
sub-7215,ses-1,Pass,ERROR: Too few hours considered,Pass,Pass: ≥2 weekend days and ≥3 weekdays
sub-7161,ses-1,Pass,ERROR: Too few hours considered,Pass,Pass: ≥2 weekend days and ≥3 weekdays
sub-7159,ses-1,Pass,ERROR: Too few hours considered,Pass,Pass: ≥2 weekend days and ≥3 weekdays
sub-7153,ses-1,Pass,ERROR: Too few hours considered,ERROR: Cleaning code missing,Pass: ≥2 weekend days and ≥3 weekdays
sub-7223,ses-1,Pass,ERROR: Too few hours considered,ERROR: Cleaning code missing,Pass: ≥2 weekend days and ≥3 weekdays
sub-7157,ses-1,Pass,ERROR: Too few hours considered,Pass,Pass: ≥2 weekend days and ≥3 weekdays
sub-7165,ses-1,Pass,ERROR: Too few hours considered,Pass,Pass: ≥2 weekend days and ≥3 weekdays
sub-7181,ses-1,Pass,ERROR: Too few hours considered,Pass,Pass: ≥2 weekend days and ≥3 weekdays
sub-7118,ses-1,Pass,ERROR: Too few hours considered,Pass,Pass: ≥2 weekend days and ≥3 weekdays
sub-7139,ses-1,Pass,ERROR: Too few hours considered,Pass,Pass: ≥2 weekend days and ≥3 weekdays
sub-7202,ses-1,Pass,ERROR: Too few hours considered,Pass,Pass: ≥2 weekend days and ≥3 weekdays
sub-7208,ses-1,Pass,ERROR: Too few hours considered,Pass,Pass: ≥2 weekend days and ≥3 weekdays
sub-7192,ses-1,Pass,ERROR: Too few hours considered,Pass,Pass: ≥2 weekend days and ≥3 weekdays
sub-7176,ses-1,Pass,ERROR: Too few hours considered,Pass,Pass: ≥2 weekend days and ≥3 weekdays
sub-7195,ses-1,Pass,ERROR: Too few hours considered,Pass,Pass: ≥2 weekend days and ≥3 weekdays
sub-7098,ses-1,Pass,ERROR: Too few hours considered,Pass,Pass: ≥2 weekend days and ≥3 weekdays
sub-7171,ses-1,Pass,ERROR: Too few hours considered,Pass,Pass: ≥2 weekend days and ≥3 weekdays
sub-7700,ses-1,Pass,ERROR: Too few hours considered,Pass,Pass: ≥2 weekend days and ≥3 weekdays
sub-7168,ses-1,Pass,ERROR: Too few hours considered,Pass,Pass: ≥2 weekend days and ≥3 weekdays
sub-7065,ses-1,Pass,ERROR: Too few hours considered,Pass,Pass: ≥2 weekend days and ≥3 weekdays
sub-7186,ses-1,Pass,ERROR: Too few hours considered,Pass,Pass: ≥2 weekend days and ≥3 weekdays
sub-7216,ses-1,Pass,ERROR: Too few hours considered,Pass,Pass: ≥2 weekend days and ≥3 weekdays
sub-7150,ses-1,Pass,ERROR: Too few hours considered,Pass,Pass: ≥2 weekend days and ≥3 weekdays
sub-8053,ses-2,Pass,ERROR: Too few hours considered,ERROR: Cleaning code missing,Pass: ≥2 weekend days and ≥3 weekdays
sub-8061,ses-1,Pass,ERROR: Too few hours considered,ERROR: Cleaning code missing,Pass: ≥2 weekend days and ≥3 weekdays
sub-8040,ses-2,Pass,ERROR: Too few hours considered,ERROR: Cleaning code missing,Pass: ≥2 weekend days and ≥3 weekdays
sub-8005,ses-5,Pass,ERROR: Too few hours considered,ERROR: Cleaning code missing,Pass: ≥2 weekend days and ≥3 weekdays
sub-8002,ses-3,Pass,ERROR: Too few hours considered,ERROR: Cleaning code missing,Pass: ≥2 weekend days and ≥3 weekdays
sub-8002,ses-4,Pass,ERROR: Too few hours considered,ERROR: Cleaning code missing,ERROR: Fewer than 2 weekend days for at least one session
sub-8030,ses-1,Pass,ERROR: Too few hours considered,ERROR: Cleaning code missing,Pass: ≥2 weekend days and ≥3 weekdays
sub-8023,ses-2,Pass,ERROR: Too few hours considered,ERROR: Cleaning code missing,Pass: ≥2 weekend days and ≥3 weekdays
sub-8050,ses-2,Pass,ERROR: Too few hours considered,ERROR: Cleaning code missing,Pass: ≥2 weekend days and ≥3 weekdays
sub-8012,ses-1,Pass,ERROR: Too few hours considered,ERROR: Cleaning code missing,Pass: ≥2 weekend days and ≥3 weekdays
sub-8012,ses-2,Pass,ERROR: Too few hours considered,ERROR: Cleaning code missing,Pass: ≥2 weekend days and ≥3 weekdays
sub-8020,ses-2,Pass,ERROR: Too few hours considered,ERROR: Cleaning code missing,Pass: ≥2 weekend days and ≥3 weekdays
sub-8003,ses-4,Pass,ERROR: Too few hours considered,ERROR: Cleaning code missing,Pass: ≥2 weekend days and ≥3 weekdays
sub-8003,ses-3,Pass,ERROR: Too few hours considered,ERROR: Cleaning code missing,Pass: ≥2 weekend days and ≥3 weekdays
sub-8009,ses-1,Pass,ERROR: Too few hours considered,Pass,Pass: ≥2 weekend days and ≥3 weekdays
sub-8031,ses-1,Pass,ERROR: Too few hours considered,ERROR: Cleaning code missing,Pass: ≥2 weekend days and ≥3 weekdays
sub-8031,ses-2,Pass,ERROR: Too few hours considered,ERROR: Cleaning code missing,ERROR: Fewer than 2 weekend days for at least one session
sub-8046,ses-1,Pass,ERROR: Too few hours considered,ERROR: Cleaning code missing,Pass: ≥2 weekend days and ≥3 weekdays
sub-8046,ses-2,Pass,WARNING: Exceeds expected hours (possible worn-day mismatch),ERROR: Cleaning code missing,Pass: ≥2 weekend days and ≥3 weekdays
sub-8036,ses-2,Pass,ERROR: Too few hours considered,ERROR: Cleaning code missing,Pass: ≥2 weekend days and ≥3 weekdays
sub-8004,ses-4,Pass,ERROR: Too few hours considered,ERROR: Cleaning code missing,Pass: ≥2 weekend days and ≥3 weekdays
<<<<<<< HEAD,,,,,
sub-8004,ses-3,Pass,ERROR: Too few hours considered,ERROR: Cleaning code missing,ERROR: Fewer than 2 weekend days for at least one session
=======,,,,,
sub-8004,ses-3,Pass,ERROR: Too few hours considered,ERROR: Cleaning code missing,ERROR: Fewer than 2 weekend days for at least one session
sub-8058,ses-1,Pass,ERROR: Too few hours considered,ERROR: Cleaning code missing,Pass: ≥2 weekend days and ≥3 weekdays
sub-8052,ses-2,Pass,ERROR: Too few hours considered,ERROR: Cleaning code missing,Pass: ≥2 weekend days and ≥3 weekdays
>>>>>>> 77463126661d2d8dd46654410d811d2b3d50bf5f,,,,,
sub-8052,ses-1,Pass,ERROR: Too few hours considered,Pass,Pass: ≥2 weekend days and ≥3 weekdays
sub-8017,ses-1,Pass,ERROR: Too few hours considered,ERROR: Cleaning code missing,Pass: ≥2 weekend days and ≥3 weekdays
sub-8060,ses-2,Pass,ERROR: Too few hours considered,ERROR: Cleaning code missing,Pass: ≥2 weekend days and ≥3 weekdays
sub-8060,ses-1,Pass,ERROR: Too few hours considered,Pass,Pass: ≥2 weekend days and ≥3 weekdays
sub-8064,ses-1,Pass,ERROR: Too few hours considered,Pass,Pass: ≥2 weekend days and ≥3 weekdays
sub-8056,ses-1,Pass,ERROR: Too few hours considered,ERROR: Cleaning code missing,Pass: ≥2 weekend days and ≥3 weekdays
sub-8021,ses-2,Pass,ERROR: Too few hours considered,ERROR: Cleaning code missing,Pass: ≥2 weekend days and ≥3 weekdays
sub-8038,ses-1,Pass,ERROR: Too few hours considered,ERROR: Cleaning code missing,Pass: ≥2 weekend days and ≥3 weekdays
sub-8038,ses-2,Pass,WARNING: Exceeds expected hours (possible worn-day mismatch),ERROR: Cleaning code missing,Pass: ≥2 weekend days and ≥3 weekdays
sub-8032,ses-2,Pass,ERROR: Too few hours considered,ERROR: Cleaning code missing,Pass: ≥2 weekend days and ≥3 weekdays
sub-8032,ses-1,Pass,ERROR: Too few hours considered,ERROR: Cleaning code missing,Pass: ≥2 weekend days and ≥3 weekdays
sub-8048,ses-1,Pass,ERROR: Too few hours considered,ERROR: Cleaning code missing,Pass: ≥2 weekend days and ≥3 weekdays
sub-8035,ses-2,Pass,ERROR: Too few hours considered,ERROR: Cleaning code missing,Pass: ≥2 weekend days and ≥3 weekdays
sub-8042,ses-1,Pass,ERROR: Too few hours considered,ERROR: Cleaning code missing,Pass: ≥2 weekend days and ≥3 weekdays
sub-8051,ses-1,Pass,ERROR: Too few hours considered,ERROR: Cleaning code missing,Pass: ≥2 weekend days and ≥3 weekdays
sub-8014,ses-2,Pass,ERROR: Too few hours considered,ERROR: Cleaning code missing,Pass: ≥2 weekend days and ≥3 weekdays
sub-7214,ses-1,Pass,ERROR: Too few hours considered,ERROR: Cleaning code missing,Pass: ≥2 weekend days and ≥3 weekdays
sub-7117,ses-1,Pass,ERROR: Too few hours considered,Pass,Pass: ≥2 weekend days and ≥3 weekdays
sub-7160,ses-1,Pass,ERROR: Too few hours considered,Pass,Pass: ≥2 weekend days and ≥3 weekdays
sub-7089,ses-1,Pass,ERROR: Too few hours considered,Pass,Pass: ≥2 weekend days and ≥3 weekdays
sub-7152,ses-1,Pass,ERROR: Too few hours considered,Pass,Pass: ≥2 weekend days and ≥3 weekdays
sub-7158,ses-1,Pass,ERROR: Too few hours considered,Pass,Pass: ≥2 weekend days and ≥3 weekdays
<<<<<<< HEAD,,,,,
sub-7104,ses-1,Pass,ERROR: Too few hours considered,Pass,Pass: ≥2 weekend days and ≥3 weekdays
sub-7141,ses-1,Pass,ERROR: Too few hours considered,Pass,Pass: ≥2 weekend days and ≥3 weekdays
sub-7136,ses-1,Pass,ERROR: Too few hours considered,Pass,Pass: ≥2 weekend days and ≥3 weekdays
sub-7041,ses-2,Pass,WARNING: Exceeds expected hours (possible worn-day mismatch),ERROR: Cleaning code missing,Pass: ≥2 weekend days and ≥3 weekdays
sub-7146,ses-1,Pass,ERROR: Too few hours considered,Pass,Pass: ≥2 weekend days and ≥3 weekdays
sub-7174,ses-1,Pass,ERROR: Too few hours considered,Pass,Pass: ≥2 weekend days and ≥3 weekdays
sub-7103,ses-1,Pass,ERROR: Too few hours considered,Pass,Pass: ≥2 weekend days and ≥3 weekdays
sub-7079,ses-1,Pass,ERROR: Too few hours considered,Pass,Pass: ≥2 weekend days and ≥3 weekdays
sub-7155,ses-1,Pass,ERROR: Too few hours considered,Pass,Pass: ≥2 weekend days and ≥3 weekdays
sub-7128,ses-1,Pass,ERROR: Too few hours considered,Pass,Pass: ≥2 weekend days and ≥3 weekdays
sub-7167,ses-1,Pass,ERROR: Too few hours considered,Pass,ERROR: Fewer than 2 weekend days for at least one session
sub-7151,ses-1,Pass,Pass,Pass,Pass: ≥2 weekend days and ≥3 weekdays
sub-7170,ses-1,Pass,ERROR: Too few hours considered,Pass,Pass: ≥2 weekend days and ≥3 weekdays
sub-7093,ses-1,Pass,ERROR: Too few hours considered,Pass,Pass: ≥2 weekend days and ≥3 weekdays
sub-7077,ses-1,Pass,ERROR: Too few hours considered,Pass,Pass: ≥2 weekend days and ≥3 weekdays
sub-7142,ses-1,Pass,ERROR: Too few hours considered,Pass,Pass: ≥2 weekend days and ≥3 weekdays
sub-7045,ses-1,Pass,ERROR: Too few hours considered,Pass,Pass: ≥2 weekend days and ≥3 weekdays
sub-7145,ses-1,Pass,ERROR: Too few hours considered,Pass,Pass: ≥2 weekend days and ≥3 weekdays
sub-7138,ses-1,Pass,ERROR: Too few hours considered,Pass,Pass: ≥2 weekend days and ≥3 weekdays
sub-7070,ses-1,Pass,ERROR: Too few hours considered,Pass,Pass: ≥2 weekend days and ≥3 weekdays
sub-7156,ses-1,Pass,ERROR: Too few hours considered,Pass,ERROR: Fewer than 2 weekend days for at least one session
sub-7180,ses-1,Pass,ERROR: Too few hours considered,Pass,Pass: ≥2 weekend days and ≥3 weekdays
sub-7164,ses-1,Pass,ERROR: Too few hours considered,Pass,Pass: ≥2 weekend days and ≥3 weekdays
sub-7147,ses-1,Pass,ERROR: Too few hours considered,Pass,Pass: ≥2 weekend days and ≥3 weekdays
sub-7175,ses-1,Pass,ERROR: Too few hours considered,Pass,Pass: ≥2 weekend days and ≥3 weekdays
sub-7108,ses-1,Pass,Pass,Pass,Pass: ≥2 weekend days and ≥3 weekdays
sub-7172,ses-1,Pass,ERROR: Too few hours considered,Pass,Pass: ≥2 weekend days and ≥3 weekdays
sub-7178,ses-1,Pass,ERROR: Too few hours considered,Pass,Pass: ≥2 weekend days and ≥3 weekdays
sub-7140,ses-1,Pass,ERROR: Too few hours considered,Pass,Pass: ≥2 weekend days and ≥3 weekdays
sub-7161,ses-1,Pass,ERROR: Too few hours considered,Pass,Pass: ≥2 weekend days and ≥3 weekdays
sub-7159,ses-1,Pass,ERROR: Too few hours considered,Pass,Pass: ≥2 weekend days and ≥3 weekdays
sub-7153,ses-1,Pass,ERROR: Too few hours considered,ERROR: Cleaning code missing,Pass: ≥2 weekend days and ≥3 weekdays
sub-7157,ses-1,Pass,ERROR: Too few hours considered,Pass,Pass: ≥2 weekend days and ≥3 weekdays
sub-7165,ses-1,Pass,ERROR: Too few hours considered,Pass,Pass: ≥2 weekend days and ≥3 weekdays
sub-7118,ses-1,Pass,ERROR: Too few hours considered,Pass,Pass: ≥2 weekend days and ≥3 weekdays
sub-7139,ses-1,Pass,ERROR: Too few hours considered,Pass,Pass: ≥2 weekend days and ≥3 weekdays
sub-7098,ses-1,Pass,ERROR: Too few hours considered,Pass,Pass: ≥2 weekend days and ≥3 weekdays
sub-7168,ses-1,Pass,ERROR: Too few hours considered,Pass,Pass: ≥2 weekend days and ≥3 weekdays
sub-7065,ses-1,Pass,ERROR: Too few hours considered,Pass,Pass: ≥2 weekend days and ≥3 weekdays
sub-7150,ses-1,Pass,ERROR: Too few hours considered,Pass,Pass: ≥2 weekend days and ≥3 weekdays
sub-8053,ses-2,Pass,ERROR: Too few hours considered,ERROR: Cleaning code missing,Pass: ≥2 weekend days and ≥3 weekdays
sub-8023,ses-2,Pass,ERROR: Too few hours considered,ERROR: Cleaning code missing,Pass: ≥2 weekend days and ≥3 weekdays
sub-8003,ses-4,Pass,ERROR: Too few hours considered,ERROR: Cleaning code missing,Pass: ≥2 weekend days and ≥3 weekdays
sub-7189,ses-1,Pass,ERROR: Too few hours considered,Pass,Pass: ≥2 weekend days and ≥3 weekdays
sub-7182,ses-1,Pass,ERROR: Too few hours considered,Pass,Pass: ≥2 weekend days and ≥3 weekdays
sub-7186,ses-1,Pass,ERROR: Too few hours considered,Pass,Pass: ≥2 weekend days and ≥3 weekdays
sub-7187,ses-1,Pass,ERROR: Too few hours considered,Pass,Pass: ≥2 weekend days and ≥3 weekdays
sub-8064,ses-1,Pass,ERROR: Too few hours considered,Pass,Pass: ≥2 weekend days and ≥3 weekdays
sub-7197,ses-1,Pass,ERROR: Too few hours considered,Pass,Pass: ≥2 weekend days and ≥3 weekdays
sub-7192,ses-1,Pass,ERROR: Too few hours considered,Pass,Pass: ≥2 weekend days and ≥3 weekdays
sub-7173,ses-1,Pass,ERROR: Too few hours considered,Pass,Pass: ≥2 weekend days and ≥3 weekdays
sub-7188,ses-1,Pass,ERROR: Too few hours considered,Pass,Pass: ≥2 weekend days and ≥3 weekdays
sub-7196,ses-1,Pass,ERROR: Too few hours considered,ERROR: Cleaning code missing,ERROR: Fewer than 2 weekend days for at least one session
sub-8020,ses-3,Pass,ERROR: Too few hours considered,ERROR: Cleaning code missing,Pass: ≥2 weekend days and ≥3 weekdays
sub-8005,ses-5,Pass,ERROR: Too few hours considered,ERROR: Cleaning code missing,Pass: ≥2 weekend days and ≥3 weekdays
sub-8040,ses-2,Pass,ERROR: Too few hours considered,ERROR: Cleaning code missing,Pass: ≥2 weekend days and ≥3 weekdays
sub-8046,ses-2,Pass,WARNING: Exceeds expected hours (possible worn-day mismatch),ERROR: Cleaning code missing,Pass: ≥2 weekend days and ≥3 weekdays
sub-8032,ses-2,Pass,ERROR: Too few hours considered,ERROR: Cleaning code missing,Pass: ≥2 weekend days and ≥3 weekdays
sub-7183,ses-1,Pass,ERROR: Too few hours considered,Pass,Pass: ≥2 weekend days and ≥3 weekdays
sub-8050,ses-2,Pass,ERROR: Too few hours considered,ERROR: Cleaning code missing,Pass: ≥2 weekend days and ≥3 weekdays
sub-8038,ses-2,Pass,WARNING: Exceeds expected hours (possible worn-day mismatch),ERROR: Cleaning code missing,Pass: ≥2 weekend days and ≥3 weekdays
sub-7055,ses-1,Pass,ERROR: Too few hours considered,Pass,Pass: ≥2 weekend days and ≥3 weekdays
sub-8061,ses-1,Pass,ERROR: Too few hours considered,ERROR: Cleaning code missing,Pass: ≥2 weekend days and ≥3 weekdays
sub-8036,ses-2,Pass,ERROR: Too few hours considered,ERROR: Cleaning code missing,Pass: ≥2 weekend days and ≥3 weekdays
sub-8052,ses-2,Pass,ERROR: Too few hours considered,ERROR: Cleaning code missing,Pass: ≥2 weekend days and ≥3 weekdays
sub-7214,ses-1,Pass,ERROR: Too few hours considered,ERROR: Cleaning code missing,Pass: ≥2 weekend days and ≥3 weekdays
sub-7190,ses-1,Pass,ERROR: Too few hours considered,Pass,Pass: ≥2 weekend days and ≥3 weekdays
sub-7200,ses-1,Pass,ERROR: Too few hours considered,Pass,Pass: ≥2 weekend days and ≥3 weekdays
sub-7204,ses-1,Pass,ERROR: Too few hours considered,Pass,Pass: ≥2 weekend days and ≥3 weekdays
sub-7209,ses-1,Pass,ERROR: Too few hours considered,Pass,ERROR: Fewer than 2 weekend days for at least one session
sub-7203,ses-1,Pass,ERROR: Too few hours considered,Pass,ERROR: Fewer than 2 weekend days for at least one session
sub-7208,ses-1,Pass,ERROR: Too few hours considered,Pass,Pass: ≥2 weekend days and ≥3 weekdays
sub-8058,ses-1,Pass,ERROR: Too few hours considered,ERROR: Cleaning code missing,Pass: ≥2 weekend days and ≥3 weekdays
sub-7207,ses-1,Pass,ERROR: Too few hours considered,Pass,Pass: ≥2 weekend days and ≥3 weekdays
sub-7221,ses-1,Pass,ERROR: Too few hours considered,Pass,Pass: ≥2 weekend days and ≥3 weekdays
sub-7212,ses-1,Pass,ERROR: Too few hours considered,Pass,ERROR: Fewer than 2 weekend days for at least one session
sub-7223,ses-1,Pass,ERROR: Too few hours considered,ERROR: Cleaning code missing,Pass: ≥2 weekend days and ≥3 weekdays
sub-7202,ses-1,Pass,ERROR: Too few hours considered,Pass,Pass: ≥2 weekend days and ≥3 weekdays
sub-7195,ses-1,Pass,ERROR: Too few hours considered,Pass,Pass: ≥2 weekend days and ≥3 weekdays
sub-7171,ses-1,Pass,ERROR: Too few hours considered,Pass,Pass: ≥2 weekend days and ≥3 weekdays
sub-7216,ses-1,Pass,ERROR: Too few hours considered,Pass,Pass: ≥2 weekend days and ≥3 weekdays
sub-8031,ses-1,Pass,ERROR: Too few hours considered,ERROR: Cleaning code missing,Pass: ≥2 weekend days and ≥3 weekdays
sub-7700,ses-1,Pass,ERROR: Too few hours considered,Pass,Pass: ≥2 weekend days and ≥3 weekdays
sub-7220,ses-1,Pass,ERROR: Too few hours considered,Pass,Pass: ≥2 weekend days and ≥3 weekdays
sub-8014,ses-3,Pass,ERROR: Too few hours considered,ERROR: Cleaning code missing,Pass: ≥2 weekend days and ≥3 weekdays
sub-8051,ses-2,Pass,ERROR: Too few hours considered,ERROR: Cleaning code missing,Pass: ≥2 weekend days and ≥3 weekdays
sub-8070,ses-1,Pass,ERROR: Too few hours considered,ERROR: Cleaning code missing,Pass: ≥2 weekend days and ≥3 weekdays
sub-8056,ses-2,Pass,ERROR: Too few hours considered,ERROR: Cleaning code missing,Pass: ≥2 weekend days and ≥3 weekdays
sub-8064,ses-2,Pass,ERROR: Too few hours considered,ERROR: Cleaning code missing,Pass: ≥2 weekend days and ≥3 weekdays
sub-8019,ses-4,Pass,ERROR: Too few hours considered,ERROR: Cleaning code missing,Pass: ≥2 weekend days and ≥3 weekdays
sub-8019,ses-3,Pass,ERROR: Too few hours considered,ERROR: Cleaning code missing,Pass: ≥2 weekend days and ≥3 weekdays
sub-8060,ses-2,Pass,ERROR: Too few hours considered,ERROR: Cleaning code missing,Pass: ≥2 weekend days and ≥3 weekdays
sub-8031,ses-3,Pass,ERROR: Too few hours considered,ERROR: Cleaning code missing,Pass: ≥2 weekend days and ≥3 weekdays
sub-8031,ses-4,Pass,ERROR: Too few hours considered,ERROR: Cleaning code missing,Pass: ≥2 weekend days and ≥3 weekdays
sub-8031,ses-2,Pass,ERROR: Too few hours considered,ERROR: Cleaning code missing,ERROR: Fewer than 2 weekend days for at least one session
sub-8009,ses-1,Pass,ERROR: Too few hours considered,Pass,Pass: ≥2 weekend days and ≥3 weekdays
sub-8022,ses-3,Pass,ERROR: Too few hours considered,ERROR: Cleaning code missing,Pass: ≥2 weekend days and ≥3 weekdays
sub-8067,ses-1,Pass,ERROR: Too few hours considered,ERROR: Cleaning code missing,Pass: ≥2 weekend days and ≥3 weekdays
sub-8020,ses-4,Pass,ERROR: Too few hours considered,ERROR: Cleaning code missing,Pass: ≥2 weekend days and ≥3 weekdays
sub-8012,ses-1,Pass,ERROR: Too few hours considered,ERROR: Cleaning code missing,Pass: ≥2 weekend days and ≥3 weekdays
sub-8012,ses-2,Pass,ERROR: Too few hours considered,ERROR: Cleaning code missing,Pass: ≥2 weekend days and ≥3 weekdays
sub-8054,ses-2,Pass,ERROR: Too few hours considered,ERROR: Cleaning code missing,Pass: ≥2 weekend days and ≥3 weekdays
sub-8011,ses-3,Pass,ERROR: Too few hours considered,ERROR: Cleaning code missing,Pass: ≥2 weekend days and ≥3 weekdays
sub-8011,ses-4,Pass,ERROR: Too few hours considered,ERROR: Cleaning code missing,Pass: ≥2 weekend days and ≥3 weekdays
sub-8030,ses-3,Pass,ERROR: Too few hours considered,ERROR: Cleaning code missing,Pass: ≥2 weekend days and ≥3 weekdays
sub-8030,ses-1,Pass,ERROR: Too few hours considered,ERROR: Cleaning code missing,Pass: ≥2 weekend days and ≥3 weekdays
sub-8030,ses-2,Pass,ERROR: Too few hours considered,ERROR: Cleaning code missing,Pass: ≥2 weekend days and ≥3 weekdays
sub-8002,ses-4,Pass,ERROR: Too few hours considered,ERROR: Cleaning code missing,ERROR: Fewer than 2 weekend days for at least one session
sub-8002,ses-3,Pass,ERROR: Too few hours considered,ERROR: Cleaning code missing,Pass: ≥2 weekend days and ≥3 weekdays
sub-8016,ses-3,Pass,ERROR: Too few hours considered,ERROR: Cleaning code missing,Pass: ≥2 weekend days and ≥3 weekdays
sub-8016,ses-4,Pass,ERROR: Too few hours considered,ERROR: Cleaning code missing,Pass: ≥2 weekend days and ≥3 weekdays
sub-7213,ses-1,Pass,ERROR: Too few hours considered,Pass,Pass: ≥2 weekend days and ≥3 weekdays
sub-7003,ses-2,Pass,WARNING: Exceeds expected hours (possible worn-day mismatch),ERROR: Cleaning code missing,Pass: ≥2 weekend days and ≥3 weekdays
sub-7702,ses-1,Pass,ERROR: Too few hours considered,Pass,Pass: ≥2 weekend days and ≥3 weekdays
sub-7010,ses-2,Pass,WARNING: Exceeds expected hours (possible worn-day mismatch),ERROR: Cleaning code missing,Pass: ≥2 weekend days and ≥3 weekdays
sub-7222,ses-1,Pass,ERROR: Too few hours considered,Pass,Pass: ≥2 weekend days and ≥3 weekdays
sub-7199,ses-1,Pass,ERROR: Too few hours considered,Pass,Pass: ≥2 weekend days and ≥3 weekdays
sub-7194,ses-1,Pass,ERROR: Too few hours considered,Pass,Pass: ≥2 weekend days and ≥3 weekdays
sub-7701,ses-1,Pass,ERROR: Too few hours considered,Pass,Pass: ≥2 weekend days and ≥3 weekdays
sub-7225,ses-1,Pass,ERROR: Too few hours considered,ERROR: Cleaning code missing,Pass: ≥2 weekend days and ≥3 weekdays
sub-7215,ses-1,Pass,ERROR: Too few hours considered,Pass,Pass: ≥2 weekend days and ≥3 weekdays
sub-7227,ses-1,Pass,ERROR: Too few hours considered,Pass,Pass: ≥2 weekend days and ≥3 weekdays
sub-7206,ses-1,Pass,ERROR: Too few hours considered,Pass,Pass: ≥2 weekend days and ≥3 weekdays
sub-7703,ses-1,Pass,ERROR: Too few hours considered,Pass,Pass: ≥2 weekend days and ≥3 weekdays
sub-7218,ses-1,Pass,ERROR: Too few hours considered,Pass,Pass: ≥2 weekend days and ≥3 weekdays
sub-7176,ses-1,Pass,ERROR: Too few hours considered,Pass,Pass: ≥2 weekend days and ≥3 weekdays
sub-7181,ses-1,Pass,ERROR: Too few hours considered,Pass,Pass: ≥2 weekend days and ≥3 weekdays
sub-8026,ses-3,Pass,ERROR: Too few hours considered,ERROR: Cleaning code missing,Pass: ≥2 weekend days and ≥3 weekdays
sub-8017,ses-3,Pass,ERROR: Too few hours considered,ERROR: Cleaning code missing,Pass: ≥2 weekend days and ≥3 weekdays
sub-8017,ses-2,Pass,ERROR: Too few hours considered,ERROR: Cleaning code missing,Pass: ≥2 weekend days and ≥3 weekdays
sub-8023,ses-3,Pass,ERROR: Too few hours considered,ERROR: Cleaning code missing,ERROR: Fewer than 2 weekend days for at least one session
sub-8012,ses-3,Pass,ERROR: Too few hours considered,ERROR: Cleaning code missing,Pass: ≥2 weekend days and ≥3 weekdays
sub-8012,ses-4,Pass,ERROR: Too few hours considered,Pass,Pass: ≥2 weekend days and ≥3 weekdays
sub-8035,ses-3,Pass,ERROR: Too few hours considered,ERROR: Cleaning code missing,Pass: ≥2 weekend days and ≥3 weekdays
sub-8035,ses-4,Pass,ERROR: Too few hours considered,ERROR: Cleaning code missing,Pass: ≥2 weekend days and ≥3 weekdays
sub-8026,ses-4,Pass,ERROR: Too few hours considered,ERROR: Cleaning code missing,Pass: ≥2 weekend days and ≥3 weekdays
=======,,,,,
sub-8053,ses-3,Pass,ERROR: Too few hours considered,ERROR: Cleaning code missing,ERROR: Fewer than 2 weekend days for at least one session
sub-8061,ses-2,Pass,ERROR: Too few hours considered,ERROR: Cleaning code missing,Pass: ≥2 weekend days and ≥3 weekdays
sub-8016,ses-3,Pass,ERROR: Too few hours considered,ERROR: Cleaning code missing,Pass: ≥2 weekend days and ≥3 weekdays
sub-8040,ses-3,Pass,ERROR: Too few hours considered,ERROR: Cleaning code missing,Pass: ≥2 weekend days and ≥3 weekdays
sub-8005,ses-7,Pass,ERROR: Too few hours considered,ERROR: Cleaning code missing,Pass: ≥2 weekend days and ≥3 weekdays
sub-8005,ses-6,Pass,ERROR: Too few hours considered,ERROR: Cleaning code missing,Pass: ≥2 weekend days and ≥3 weekdays
sub-8047,ses-3,Pass,ERROR: Too few hours considered,ERROR: Cleaning code missing,Pass: ≥2 weekend days and ≥3 weekdays
sub-8030,ses-2,Pass,ERROR: Too few hours considered,ERROR: Cleaning code missing,Pass: ≥2 weekend days and ≥3 weekdays
sub-8011,ses-4,Pass,ERROR: Too few hours considered,ERROR: Cleaning code missing,Pass: ≥2 weekend days and ≥3 weekdays
sub-8011,ses-3,Pass,ERROR: Too few hours considered,ERROR: Cleaning code missing,Pass: ≥2 weekend days and ≥3 weekdays
sub-8011,ses-5,Pass,ERROR: Too few hours considered,ERROR: Cleaning code missing,Pass: ≥2 weekend days and ≥3 weekdays
sub-8054,ses-2,Pass,ERROR: Too few hours considered,ERROR: Cleaning code missing,Pass: ≥2 weekend days and ≥3 weekdays
sub-8023,ses-3,Pass,ERROR: Too few hours considered,ERROR: Cleaning code missing,ERROR: Fewer than 2 weekend days for at least one session
sub-8050,ses-3,Pass,ERROR: Too few hours considered,ERROR: Cleaning code missing,Pass: ≥2 weekend days and ≥3 weekdays
sub-8039,ses-3,Pass,ERROR: Too few hours considered,ERROR: Cleaning code missing,Pass: ≥2 weekend days and ≥3 weekdays
sub-8020,ses-3,Pass,ERROR: Too few hours considered,ERROR: Cleaning code missing,Pass: ≥2 weekend days and ≥3 weekdays
sub-8020,ses-4,Pass,ERROR: Too few hours considered,ERROR: Cleaning code missing,Pass: ≥2 weekend days and ≥3 weekdays
sub-8003,ses-5,Pass,ERROR: Too few hours considered,ERROR: Cleaning code missing,Pass: ≥2 weekend days and ≥3 weekdays
sub-8009,ses-2,Pass,ERROR: Too few hours considered,ERROR: Cleaning code missing,ERROR: Fewer than 2 weekend days for at least one session
sub-8031,ses-4,Pass,ERROR: Too few hours considered,ERROR: Cleaning code missing,Pass: ≥2 weekend days and ≥3 weekdays
sub-8031,ses-3,Pass,ERROR: Too few hours considered,ERROR: Cleaning code missing,Pass: ≥2 weekend days and ≥3 weekdays
sub-8046,ses-3,Pass,WARNING: Exceeds expected hours (possible worn-day mismatch),ERROR: Cleaning code missing,Pass: ≥2 weekend days and ≥3 weekdays
sub-8036,ses-3,Pass,ERROR: Too few hours considered,ERROR: Cleaning code missing,Pass: ≥2 weekend days and ≥3 weekdays
sub-8058,ses-2,Pass,ERROR: Too few hours considered,ERROR: Cleaning code missing,Pass: ≥2 weekend days and ≥3 weekdays
sub-8052,ses-3,Pass,ERROR: Too few hours considered,ERROR: Cleaning code missing,Pass: ≥2 weekend days and ≥3 weekdays
sub-8060,ses-3,Pass,ERROR: Too few hours considered,Pass,Pass: ≥2 weekend days and ≥3 weekdays
sub-8060,ses-4,Pass,ERROR: Too few hours considered,ERROR: Cleaning code missing,Pass: ≥2 weekend days and ≥3 weekdays
sub-8019,ses-4,Pass,ERROR: Too few hours considered,ERROR: Cleaning code missing,Pass: ≥2 weekend days and ≥3 weekdays
sub-8056,ses-2,Pass,ERROR: Too few hours considered,ERROR: Cleaning code missing,Pass: ≥2 weekend days and ≥3 weekdays
sub-8056,ses-3,Pass,ERROR: Too few hours considered,ERROR: Cleaning code missing,Pass: ≥2 weekend days and ≥3 weekdays
sub-8038,ses-3,Pass,WARNING: Exceeds expected hours (possible worn-day mismatch),ERROR: Cleaning code missing,Pass: ≥2 weekend days and ≥3 weekdays
sub-8032,ses-3,Pass,ERROR: Too few hours considered,ERROR: Cleaning code missing,Pass: ≥2 weekend days and ≥3 weekdays
sub-8051,ses-2,Pass,ERROR: Too few hours considered,ERROR: Cleaning code missing,Pass: ≥2 weekend days and ≥3 weekdays
sub-8014,ses-4,Pass,ERROR: Too few hours considered,ERROR: Cleaning code missing,Pass: ≥2 weekend days and ≥3 weekdays
sub-8014,ses-3,Pass,ERROR: Too few hours considered,ERROR: Cleaning code missing,Pass: ≥2 weekend days and ≥3 weekdays
sub-8053,ses-4,Pass,ERROR: Too few hours considered,ERROR: Cleaning code missing,Pass: ≥2 weekend days and ≥3 weekdays
sub-8061,ses-3,Pass,ERROR: Too few hours considered,ERROR: Cleaning code missing,Pass: ≥2 weekend days and ≥3 weekdays
sub-8016,ses-4,Pass,ERROR: Too few hours considered,ERROR: Cleaning code missing,Pass: ≥2 weekend days and ≥3 weekdays
sub-8040,ses-4,Pass,ERROR: Too few hours considered,ERROR: Cleaning code missing,Pass: ≥2 weekend days and ≥3 weekdays
sub-8005,ses-9,Pass,ERROR: Too few hours considered,ERROR: Cleaning code missing,Pass: ≥2 weekend days and ≥3 weekdays
sub-8005,ses-8,Pass,ERROR: Too few hours considered,ERROR: Cleaning code missing,Pass: ≥2 weekend days and ≥3 weekdays
sub-8047,ses-4,Pass,ERROR: Too few hours considered,ERROR: Cleaning code missing,Pass: ≥2 weekend days and ≥3 weekdays
sub-8030,ses-3,Pass,ERROR: Too few hours considered,ERROR: Cleaning code missing,Pass: ≥2 weekend days and ≥3 weekdays
sub-8011,ses-7,Pass,ERROR: Too few hours considered,ERROR: Cleaning code missing,Pass: ≥2 weekend days and ≥3 weekdays
sub-8011,ses-6,Pass,ERROR: Too few hours considered,ERROR: Cleaning code missing,Pass: ≥2 weekend days and ≥3 weekdays
sub-8054,ses-3,Pass,ERROR: Too few hours considered,ERROR: Cleaning code missing,Pass: ≥2 weekend days and ≥3 weekdays
sub-8023,ses-4,Pass,ERROR: Too few hours considered,ERROR: Cleaning code missing,Pass: ≥2 weekend days and ≥3 weekdays
sub-8050,ses-4,Pass,ERROR: Too few hours considered,ERROR: Cleaning code missing,Pass: ≥2 weekend days and ≥3 weekdays
sub-8039,ses-4,Pass,ERROR: Too few hours considered,ERROR: Cleaning code missing,Pass: ≥2 weekend days and ≥3 weekdays
sub-8020,ses-6,Pass,ERROR: Too few hours considered,ERROR: Cleaning code missing,Pass: ≥2 weekend days and ≥3 weekdays
sub-8020,ses-5,Pass,ERROR: Too few hours considered,ERROR: Cleaning code missing,Pass: ≥2 weekend days and ≥3 weekdays
sub-8003,ses-6,Pass,ERROR: Too few hours considered,ERROR: Cleaning code missing,Pass: ≥2 weekend days and ≥3 weekdays
sub-8009,ses-3,Pass,ERROR: Too few hours considered,Pass,Pass: ≥2 weekend days and ≥3 weekdays
sub-8031,ses-6,Pass,ERROR: Too few hours considered,ERROR: Cleaning code missing,Pass: ≥2 weekend days and ≥3 weekdays
sub-8031,ses-5,Pass,ERROR: Too few hours considered,ERROR: Cleaning code missing,Pass: ≥2 weekend days and ≥3 weekdays
sub-8046,ses-4,Pass,WARNING: Exceeds expected hours (possible worn-day mismatch),ERROR: Cleaning code missing,Pass: ≥2 weekend days and ≥3 weekdays
sub-8036,ses-4,Pass,ERROR: Too few hours considered,ERROR: Cleaning code missing,Pass: ≥2 weekend days and ≥3 weekdays
sub-8058,ses-3,Pass,ERROR: Too few hours considered,ERROR: Cleaning code missing,Pass: ≥2 weekend days and ≥3 weekdays
sub-8052,ses-4,Pass,ERROR: Too few hours considered,ERROR: Cleaning code missing,Pass: ≥2 weekend days and ≥3 weekdays
sub-8060,ses-5,Pass,ERROR: Too few hours considered,Pass,Pass: ≥2 weekend days and ≥3 weekdays
sub-8060,ses-6,Pass,ERROR: Too few hours considered,ERROR: Cleaning code missing,Pass: ≥2 weekend days and ≥3 weekdays
sub-8019,ses-5,Pass,ERROR: Too few hours considered,ERROR: Cleaning code missing,Pass: ≥2 weekend days and ≥3 weekdays
sub-8056,ses-5,Pass,ERROR: Too few hours considered,ERROR: Cleaning code missing,Pass: ≥2 weekend days and ≥3 weekdays
sub-8056,ses-4,Pass,ERROR: Too few hours considered,ERROR: Cleaning code missing,Pass: ≥2 weekend days and ≥3 weekdays
sub-8038,ses-4,Pass,WARNING: Exceeds expected hours (possible worn-day mismatch),ERROR: Cleaning code missing,Pass: ≥2 weekend days and ≥3 weekdays
sub-8032,ses-4,Pass,ERROR: Too few hours considered,ERROR: Cleaning code missing,Pass: ≥2 weekend days and ≥3 weekdays
sub-8051,ses-3,Pass,ERROR: Too few hours considered,ERROR: Cleaning code missing,Pass: ≥2 weekend days and ≥3 weekdays
sub-8051,ses-4,Pass,ERROR: Too few hours considered,ERROR: Cleaning code missing,Pass: ≥2 weekend days and ≥3 weekdays
sub-8014,ses-5,Pass,ERROR: Too few hours considered,ERROR: Cleaning code missing,Pass: ≥2 weekend days and ≥3 weekdays
sub-7214,ses-3,Pass,ERROR: Too few hours considered,ERROR: Cleaning code missing,Pass: ≥2 weekend days and ≥3 weekdays
sub-7214,ses-2,Pass,ERROR: Too few hours considered,ERROR: Cleaning code missing,Pass: ≥2 weekend days and ≥3 weekdays
sub-7010,ses-3,Pass,WARNING: Exceeds expected hours (possible worn-day mismatch),ERROR: Cleaning code missing,Pass: ≥2 weekend days and ≥3 weekdays
sub-7010,ses-4,Pass,WARNING: Exceeds expected hours (possible worn-day mismatch),ERROR: Cleaning code missing,Pass: ≥2 weekend days and ≥3 weekdays
sub-7010,ses-2,Pass,WARNING: Exceeds expected hours (possible worn-day mismatch),ERROR: Cleaning code missing,Pass: ≥2 weekend days and ≥3 weekdays
sub-7055,ses-2,Pass,ERROR: Too few hours considered,Pass,Pass: ≥2 weekend days and ≥3 weekdays
sub-7055,ses-3,Pass,ERROR: Too few hours considered,Pass,Pass: ≥2 weekend days and ≥3 weekdays
sub-7207,ses-3,Pass,ERROR: Too few hours considered,Pass,Pass: ≥2 weekend days and ≥3 weekdays
sub-7207,ses-2,Pass,ERROR: Too few hours considered,Pass,Pass: ≥2 weekend days and ≥3 weekdays
sub-7197,ses-3,Pass,ERROR: Too few hours considered,Pass,Pass: ≥2 weekend days and ≥3 weekdays
sub-7197,ses-2,Pass,ERROR: Too few hours considered,Pass,Pass: ≥2 weekend days and ≥3 weekdays
sub-7003,ses-4,Pass,WARNING: Exceeds expected hours (possible worn-day mismatch),ERROR: Cleaning code missing,Pass: ≥2 weekend days and ≥3 weekdays
sub-7003,ses-5,Pass,WARNING: Exceeds expected hours (possible worn-day mismatch),ERROR: Cleaning code missing,Pass: ≥2 weekend days and ≥3 weekdays
sub-7003,ses-2,Pass,WARNING: Exceeds expected hours (possible worn-day mismatch),ERROR: Cleaning code missing,Pass: ≥2 weekend days and ≥3 weekdays
sub-7173,ses-3,Pass,ERROR: Too few hours considered,Pass,Pass: ≥2 weekend days and ≥3 weekdays
sub-7173,ses-2,Pass,ERROR: Too few hours considered,Pass,Pass: ≥2 weekend days and ≥3 weekdays
sub-7190,ses-3,Pass,ERROR: Too few hours considered,Pass,Pass: ≥2 weekend days and ≥3 weekdays
sub-7190,ses-2,Pass,ERROR: Too few hours considered,Pass,Pass: ≥2 weekend days and ≥3 weekdays
sub-7174,ses-3,Pass,ERROR: Too few hours considered,Pass,Pass: ≥2 weekend days and ≥3 weekdays
sub-7174,ses-2,Pass,ERROR: Too few hours considered,Pass,Pass: ≥2 weekend days and ≥3 weekdays
sub-7200,ses-3,Pass,ERROR: Too few hours considered,Pass,Pass: ≥2 weekend days and ≥3 weekdays
sub-7200,ses-2,Pass,ERROR: Too few hours considered,Pass,Pass: ≥2 weekend days and ≥3 weekdays
sub-7221,ses-3,Pass,ERROR: Too few hours considered,Pass,Pass: ≥2 weekend days and ≥3 weekdays
sub-7221,ses-2,Pass,ERROR: Too few hours considered,Pass,Pass: ≥2 weekend days and ≥3 weekdays
sub-7189,ses-2,Pass,ERROR: Too few hours considered,Pass,Pass: ≥2 weekend days and ≥3 weekdays
sub-7189,ses-3,Pass,ERROR: Too few hours considered,Pass,Pass: ≥2 weekend days and ≥3 weekdays
sub-7167,ses-3,Pass,ERROR: Too few hours considered,Pass,ERROR: Fewer than 2 weekend days for at least one session
sub-7167,ses-2,Pass,ERROR: Too few hours considered,Pass,ERROR: Fewer than 2 weekend days for at least one session
sub-7183,ses-3,Pass,ERROR: Too few hours considered,Pass,Pass: ≥2 weekend days and ≥3 weekdays
sub-7183,ses-4,Pass,ERROR: Too few hours considered,Pass,Pass: ≥2 weekend days and ≥3 weekdays
sub-7183,ses-2,Pass,ERROR: Too few hours considered,Pass,Pass: ≥2 weekend days and ≥3 weekdays
sub-7213,ses-2,Pass,ERROR: Too few hours considered,Pass,Pass: ≥2 weekend days and ≥3 weekdays
sub-7213,ses-3,Pass,ERROR: Too few hours considered,Pass,Pass: ≥2 weekend days and ≥3 weekdays
sub-7187,ses-3,Pass,ERROR: Too few hours considered,Pass,Pass: ≥2 weekend days and ≥3 weekdays
sub-7187,ses-2,Pass,ERROR: Too few hours considered,Pass,Pass: ≥2 weekend days and ≥3 weekdays
sub-7194,ses-3,Pass,ERROR: Too few hours considered,Pass,Pass: ≥2 weekend days and ≥3 weekdays
sub-7194,ses-2,Pass,ERROR: Too few hours considered,Pass,Pass: ≥2 weekend days and ≥3 weekdays
sub-7204,ses-3,Pass,ERROR: Too few hours considered,Pass,Pass: ≥2 weekend days and ≥3 weekdays
sub-7204,ses-2,Pass,ERROR: Too few hours considered,Pass,Pass: ≥2 weekend days and ≥3 weekdays
sub-7209,ses-3,Pass,ERROR: Too few hours considered,Pass,ERROR: Fewer than 2 weekend days for at least one session
sub-7209,ses-2,Pass,ERROR: Too few hours considered,Pass,ERROR: Fewer than 2 weekend days for at least one session
sub-7203,ses-2,Pass,ERROR: Too few hours considered,Pass,ERROR: Fewer than 2 weekend days for at least one session
sub-7203,ses-3,Pass,ERROR: Too few hours considered,Pass,ERROR: Fewer than 2 weekend days for at least one session
sub-7180,ses-2,Pass,ERROR: Too few hours considered,Pass,Pass: ≥2 weekend days and ≥3 weekdays
sub-7180,ses-3,Pass,ERROR: Too few hours considered,Pass,Pass: ≥2 weekend days and ≥3 weekdays
sub-7220,ses-3,Pass,ERROR: Too few hours considered,Pass,Pass: ≥2 weekend days and ≥3 weekdays
sub-7220,ses-2,Pass,ERROR: Too few hours considered,Pass,Pass: ≥2 weekend days and ≥3 weekdays
sub-7182,ses-3,Pass,ERROR: Too few hours considered,Pass,Pass: ≥2 weekend days and ≥3 weekdays
sub-7182,ses-2,Pass,ERROR: Too few hours considered,Pass,Pass: ≥2 weekend days and ≥3 weekdays
sub-7188,ses-2,Pass,ERROR: Too few hours considered,Pass,Pass: ≥2 weekend days and ≥3 weekdays
sub-7188,ses-3,Pass,ERROR: Too few hours considered,Pass,Pass: ≥2 weekend days and ≥3 weekdays
sub-7212,ses-3,Pass,ERROR: Too few hours considered,Pass,ERROR: Fewer than 2 weekend days for at least one session
sub-7212,ses-2,Pass,ERROR: Too few hours considered,Pass,ERROR: Fewer than 2 weekend days for at least one session
sub-7218,ses-3,Pass,ERROR: Too few hours considered,Pass,Pass: ≥2 weekend days and ≥3 weekdays
sub-7218,ses-2,Pass,ERROR: Too few hours considered,Pass,Pass: ≥2 weekend days and ≥3 weekdays
sub-7147,ses-3,Pass,ERROR: Too few hours considered,Pass,Pass: ≥2 weekend days and ≥3 weekdays
sub-7147,ses-2,Pass,ERROR: Too few hours considered,Pass,Pass: ≥2 weekend days and ≥3 weekdays
sub-7175,ses-3,Pass,ERROR: Too few hours considered,Pass,Pass: ≥2 weekend days and ≥3 weekdays
sub-7175,ses-2,Pass,ERROR: Too few hours considered,Pass,Pass: ≥2 weekend days and ≥3 weekdays
sub-7206,ses-2,Pass,ERROR: Too few hours considered,Pass,Pass: ≥2 weekend days and ≥3 weekdays
sub-7206,ses-3,Pass,ERROR: Too few hours considered,Pass,Pass: ≥2 weekend days and ≥3 weekdays
sub-7196,ses-2,Pass,ERROR: Too few hours considered,ERROR: Cleaning code missing,ERROR: Fewer than 2 weekend days for at least one session
sub-7196,ses-3,Pass,ERROR: Too few hours considered,ERROR: Cleaning code missing,ERROR: Fewer than 2 weekend days for at least one session
sub-7215,ses-2,Pass,ERROR: Too few hours considered,Pass,Pass: ≥2 weekend days and ≥3 weekdays
sub-7215,ses-3,Pass,ERROR: Too few hours considered,Pass,Pass: ≥2 weekend days and ≥3 weekdays
sub-7223,ses-3,Pass,ERROR: Too few hours considered,ERROR: Cleaning code missing,Pass: ≥2 weekend days and ≥3 weekdays
sub-7223,ses-2,Pass,ERROR: Too few hours considered,ERROR: Cleaning code missing,Pass: ≥2 weekend days and ≥3 weekdays
sub-7181,ses-2,Pass,ERROR: Too few hours considered,Pass,Pass: ≥2 weekend days and ≥3 weekdays
sub-7181,ses-3,Pass,ERROR: Too few hours considered,Pass,Pass: ≥2 weekend days and ≥3 weekdays
sub-7202,ses-3,Pass,ERROR: Too few hours considered,Pass,Pass: ≥2 weekend days and ≥3 weekdays
sub-7202,ses-2,Pass,ERROR: Too few hours considered,Pass,Pass: ≥2 weekend days and ≥3 weekdays
sub-7208,ses-3,Pass,ERROR: Too few hours considered,Pass,Pass: ≥2 weekend days and ≥3 weekdays
sub-7208,ses-2,Pass,ERROR: Too few hours considered,Pass,Pass: ≥2 weekend days and ≥3 weekdays
sub-7192,ses-2,Pass,ERROR: Too few hours considered,Pass,Pass: ≥2 weekend days and ≥3 weekdays
sub-7192,ses-3,Pass,ERROR: Too few hours considered,Pass,Pass: ≥2 weekend days and ≥3 weekdays
sub-7176,ses-3,Pass,ERROR: Too few hours considered,Pass,Pass: ≥2 weekend days and ≥3 weekdays
sub-7176,ses-2,Pass,ERROR: Too few hours considered,Pass,Pass: ≥2 weekend days and ≥3 weekdays
sub-7195,ses-2,Pass,ERROR: Too few hours considered,Pass,Pass: ≥2 weekend days and ≥3 weekdays
sub-7195,ses-3,Pass,ERROR: Too few hours considered,Pass,Pass: ≥2 weekend days and ≥3 weekdays
sub-7171,ses-2,Pass,ERROR: Too few hours considered,Pass,Pass: ≥2 weekend days and ≥3 weekdays
sub-7171,ses-3,Pass,ERROR: Too few hours considered,Pass,Pass: ≥2 weekend days and ≥3 weekdays
sub-7700,ses-3,Pass,ERROR: Too few hours considered,Pass,Pass: ≥2 weekend days and ≥3 weekdays
sub-7700,ses-2,Pass,ERROR: Too few hours considered,Pass,Pass: ≥2 weekend days and ≥3 weekdays
sub-7168,ses-3,Pass,ERROR: Too few hours considered,Pass,Pass: ≥2 weekend days and ≥3 weekdays
sub-7168,ses-2,Pass,ERROR: Too few hours considered,Pass,Pass: ≥2 weekend days and ≥3 weekdays
sub-7186,ses-2,Pass,ERROR: Too few hours considered,Pass,Pass: ≥2 weekend days and ≥3 weekdays
sub-7186,ses-3,Pass,ERROR: Too few hours considered,Pass,Pass: ≥2 weekend days and ≥3 weekdays
sub-7216,ses-2,Pass,ERROR: Too few hours considered,Pass,Pass: ≥2 weekend days and ≥3 weekdays
sub-7216,ses-3,Pass,ERROR: Too few hours considered,Pass,Pass: ≥2 weekend days and ≥3 weekdays
sub-8053,ses-5,Pass,ERROR: Too few hours considered,ERROR: Cleaning code missing,Pass: ≥2 weekend days and ≥3 weekdays
sub-8061,ses-4,Pass,ERROR: Too few hours considered,ERROR: Cleaning code missing,Pass: ≥2 weekend days and ≥3 weekdays
sub-8016,ses-5,Pass,ERROR: Too few hours considered,ERROR: Cleaning code missing,Pass: ≥2 weekend days and ≥3 weekdays
sub-8040,ses-5,Pass,ERROR: Too few hours considered,ERROR: Cleaning code missing,Pass: ≥2 weekend days and ≥3 weekdays
sub-8005,ses-10,Pass,ERROR: Too few hours considered,ERROR: Cleaning code missing,Pass: ≥2 weekend days and ≥3 weekdays
sub-8005,ses-11,Pass,ERROR: Too few hours considered,ERROR: Cleaning code missing,Pass: ≥2 weekend days and ≥3 weekdays
sub-8047,ses-5,Pass,ERROR: Too few hours considered,ERROR: Cleaning code missing,Pass: ≥2 weekend days and ≥3 weekdays
sub-8030,ses-4,Pass,ERROR: Too few hours considered,ERROR: Cleaning code missing,Pass: ≥2 weekend days and ≥3 weekdays
sub-8011,ses-9,Pass,ERROR: Too few hours considered,ERROR: Cleaning code missing,Pass: ≥2 weekend days and ≥3 weekdays
sub-8011,ses-8,Pass,ERROR: Too few hours considered,ERROR: Cleaning code missing,Pass: ≥2 weekend days and ≥3 weekdays
sub-8054,ses-4,Pass,ERROR: Too few hours considered,ERROR: Cleaning code missing,Pass: ≥2 weekend days and ≥3 weekdays
sub-8023,ses-5,Pass,ERROR: Too few hours considered,ERROR: Cleaning code missing,Pass: ≥2 weekend days and ≥3 weekdays
sub-8050,ses-5,Pass,ERROR: Too few hours considered,ERROR: Cleaning code missing,Pass: ≥2 weekend days and ≥3 weekdays
sub-8039,ses-5,Pass,ERROR: Too few hours considered,ERROR: Cleaning code missing,Pass: ≥2 weekend days and ≥3 weekdays
sub-8020,ses-7,Pass,ERROR: Too few hours considered,ERROR: Cleaning code missing,Pass: ≥2 weekend days and ≥3 weekdays
sub-8020,ses-8,Pass,ERROR: Too few hours considered,ERROR: Cleaning code missing,Pass: ≥2 weekend days and ≥3 weekdays
sub-8003,ses-7,Pass,ERROR: Too few hours considered,ERROR: Cleaning code missing,Pass: ≥2 weekend days and ≥3 weekdays
sub-8009,ses-4,Pass,ERROR: Too few hours considered,Pass,Pass: ≥2 weekend days and ≥3 weekdays
sub-8031,ses-8,Pass,ERROR: Too few hours considered,ERROR: Cleaning code missing,Pass: ≥2 weekend days and ≥3 weekdays
sub-8031,ses-7,Pass,ERROR: Too few hours considered,ERROR: Cleaning code missing,Pass: ≥2 weekend days and ≥3 weekdays
sub-8046,ses-5,Pass,WARNING: Exceeds expected hours (possible worn-day mismatch),ERROR: Cleaning code missing,Pass: ≥2 weekend days and ≥3 weekdays
sub-8036,ses-5,Pass,ERROR: Too few hours considered,ERROR: Cleaning code missing,Pass: ≥2 weekend days and ≥3 weekdays
sub-8058,ses-4,Pass,ERROR: Too few hours considered,ERROR: Cleaning code missing,Pass: ≥2 weekend days and ≥3 weekdays
sub-8052,ses-5,Pass,ERROR: Too few hours considered,ERROR: Cleaning code missing,Pass: ≥2 weekend days and ≥3 weekdays
sub-8060,ses-7,Pass,ERROR: Too few hours considered,Pass,Pass: ≥2 weekend days and ≥3 weekdays
sub-8060,ses-8,Pass,ERROR: Too few hours considered,ERROR: Cleaning code missing,Pass: ≥2 weekend days and ≥3 weekdays
sub-8019,ses-6,Pass,ERROR: Too few hours considered,ERROR: Cleaning code missing,Pass: ≥2 weekend days and ≥3 weekdays
sub-8056,ses-6,Pass,ERROR: Too few hours considered,ERROR: Cleaning code missing,Pass: ≥2 weekend days and ≥3 weekdays
sub-8056,ses-7,Pass,ERROR: Too few hours considered,ERROR: Cleaning code missing,Pass: ≥2 weekend days and ≥3 weekdays
sub-8038,ses-5,Pass,WARNING: Exceeds expected hours (possible worn-day mismatch),ERROR: Cleaning code missing,Pass: ≥2 weekend days and ≥3 weekdays
sub-8032,ses-5,Pass,ERROR: Too few hours considered,ERROR: Cleaning code missing,Pass: ≥2 weekend days and ≥3 weekdays
sub-8051,ses-5,Pass,ERROR: Too few hours considered,ERROR: Cleaning code missing,Pass: ≥2 weekend days and ≥3 weekdays
sub-8014,ses-6,Pass,ERROR: Too few hours considered,ERROR: Cleaning code missing,Pass: ≥2 weekend days and ≥3 weekdays
sub-7214,ses-4,Pass,ERROR: Too few hours considered,ERROR: Cleaning code missing,Pass: ≥2 weekend days and ≥3 weekdays
sub-7010,ses-5,Pass,WARNING: Exceeds expected hours (possible worn-day mismatch),ERROR: Cleaning code missing,Pass: ≥2 weekend days and ≥3 weekdays
sub-7055,ses-4,Pass,ERROR: Too few hours considered,Pass,Pass: ≥2 weekend days and ≥3 weekdays
sub-7207,ses-4,Pass,ERROR: Too few hours considered,Pass,Pass: ≥2 weekend days and ≥3 weekdays
sub-7197,ses-4,Pass,ERROR: Too few hours considered,Pass,Pass: ≥2 weekend days and ≥3 weekdays
sub-7003,ses-6,Pass,WARNING: Exceeds expected hours (possible worn-day mismatch),ERROR: Cleaning code missing,Pass: ≥2 weekend days and ≥3 weekdays
sub-7173,ses-4,Pass,ERROR: Too few hours considered,Pass,Pass: ≥2 weekend days and ≥3 weekdays
sub-7190,ses-4,Pass,ERROR: Too few hours considered,Pass,Pass: ≥2 weekend days and ≥3 weekdays
sub-7174,ses-4,Pass,ERROR: Too few hours considered,Pass,Pass: ≥2 weekend days and ≥3 weekdays
sub-7200,ses-4,Pass,ERROR: Too few hours considered,Pass,Pass: ≥2 weekend days and ≥3 weekdays
sub-7221,ses-4,Pass,ERROR: Too few hours considered,Pass,Pass: ≥2 weekend days and ≥3 weekdays
sub-7189,ses-4,Pass,ERROR: Too few hours considered,Pass,Pass: ≥2 weekend days and ≥3 weekdays
sub-7167,ses-4,Pass,ERROR: Too few hours considered,Pass,ERROR: Fewer than 2 weekend days for at least one session
sub-7183,ses-5,Pass,ERROR: Too few hours considered,Pass,Pass: ≥2 weekend days and ≥3 weekdays
sub-7213,ses-4,Pass,ERROR: Too few hours considered,Pass,Pass: ≥2 weekend days and ≥3 weekdays
sub-7187,ses-4,Pass,ERROR: Too few hours considered,Pass,Pass: ≥2 weekend days and ≥3 weekdays
sub-7194,ses-4,Pass,ERROR: Too few hours considered,Pass,Pass: ≥2 weekend days and ≥3 weekdays
sub-7204,ses-4,Pass,ERROR: Too few hours considered,Pass,Pass: ≥2 weekend days and ≥3 weekdays
sub-7701,ses-1,Pass,ERROR: Too few hours considered,Pass,Pass: ≥2 weekend days and ≥3 weekdays
sub-7209,ses-4,Pass,ERROR: Too few hours considered,Pass,ERROR: Fewer than 2 weekend days for at least one session
sub-7203,ses-4,Pass,ERROR: Too few hours considered,Pass,ERROR: Fewer than 2 weekend days for at least one session
sub-7199,ses-1,Pass,ERROR: Too few hours considered,Pass,Pass: ≥2 weekend days and ≥3 weekdays
sub-7180,ses-4,Pass,ERROR: Too few hours considered,Pass,Pass: ≥2 weekend days and ≥3 weekdays
sub-7220,ses-4,Pass,ERROR: Too few hours considered,Pass,Pass: ≥2 weekend days and ≥3 weekdays
sub-7182,ses-4,Pass,ERROR: Too few hours considered,Pass,Pass: ≥2 weekend days and ≥3 weekdays
sub-7188,ses-4,Pass,ERROR: Too few hours considered,Pass,Pass: ≥2 weekend days and ≥3 weekdays
sub-7212,ses-4,Pass,ERROR: Too few hours considered,Pass,ERROR: Fewer than 2 weekend days for at least one session
sub-7218,ses-4,Pass,ERROR: Too few hours considered,Pass,Pass: ≥2 weekend days and ≥3 weekdays
sub-7147,ses-4,Pass,ERROR: Too few hours considered,Pass,Pass: ≥2 weekend days and ≥3 weekdays
sub-7175,ses-4,Pass,ERROR: Too few hours considered,Pass,Pass: ≥2 weekend days and ≥3 weekdays
sub-7206,ses-4,Pass,ERROR: Too few hours considered,Pass,Pass: ≥2 weekend days and ≥3 weekdays
sub-7196,ses-4,Pass,ERROR: Too few hours considered,ERROR: Cleaning code missing,ERROR: Fewer than 2 weekend days for at least one session
sub-7215,ses-4,Pass,ERROR: Too few hours considered,Pass,Pass: ≥2 weekend days and ≥3 weekdays
sub-7223,ses-4,Pass,ERROR: Too few hours considered,ERROR: Cleaning code missing,Pass: ≥2 weekend days and ≥3 weekdays
sub-7181,ses-4,Pass,ERROR: Too few hours considered,Pass,Pass: ≥2 weekend days and ≥3 weekdays
sub-7202,ses-4,Pass,ERROR: Too few hours considered,Pass,Pass: ≥2 weekend days and ≥3 weekdays
sub-7208,ses-4,Pass,ERROR: Too few hours considered,Pass,Pass: ≥2 weekend days and ≥3 weekdays
sub-7192,ses-4,Pass,ERROR: Too few hours considered,Pass,Pass: ≥2 weekend days and ≥3 weekdays
sub-7176,ses-4,Pass,ERROR: Too few hours considered,Pass,Pass: ≥2 weekend days and ≥3 weekdays
sub-7195,ses-4,Pass,ERROR: Too few hours considered,Pass,Pass: ≥2 weekend days and ≥3 weekdays
sub-7171,ses-4,Pass,ERROR: Too few hours considered,Pass,Pass: ≥2 weekend days and ≥3 weekdays
sub-7700,ses-4,Pass,ERROR: Too few hours considered,Pass,Pass: ≥2 weekend days and ≥3 weekdays
sub-7186,ses-4,Pass,ERROR: Too few hours considered,Pass,Pass: ≥2 weekend days and ≥3 weekdays
sub-7216,ses-4,Pass,ERROR: Too few hours considered,Pass,Pass: ≥2 weekend days and ≥3 weekdays
sub-8053,ses-6,Pass,ERROR: Too few hours considered,ERROR: Cleaning code missing,Pass: ≥2 weekend days and ≥3 weekdays
sub-8061,ses-5,Pass,ERROR: Too few hours considered,ERROR: Cleaning code missing,Pass: ≥2 weekend days and ≥3 weekdays
sub-8016,ses-6,Pass,ERROR: Too few hours considered,ERROR: Cleaning code missing,Pass: ≥2 weekend days and ≥3 weekdays
sub-8040,ses-6,Pass,ERROR: Too few hours considered,ERROR: Cleaning code missing,Pass: ≥2 weekend days and ≥3 weekdays
sub-8005,ses-13,Pass,ERROR: Too few hours considered,ERROR: Cleaning code missing,Pass: ≥2 weekend days and ≥3 weekdays
sub-8005,ses-12,Pass,ERROR: Too few hours considered,ERROR: Cleaning code missing,Pass: ≥2 weekend days and ≥3 weekdays
sub-8047,ses-6,Pass,ERROR: Too few hours considered,ERROR: Cleaning code missing,Pass: ≥2 weekend days and ≥3 weekdays
sub-8030,ses-5,Pass,ERROR: Too few hours considered,ERROR: Cleaning code missing,Pass: ≥2 weekend days and ≥3 weekdays
sub-8011,ses-10,Pass,ERROR: Too few hours considered,ERROR: Cleaning code missing,Pass: ≥2 weekend days and ≥3 weekdays
sub-8011,ses-11,Pass,ERROR: Too few hours considered,ERROR: Cleaning code missing,Pass: ≥2 weekend days and ≥3 weekdays
sub-8054,ses-5,Pass,ERROR: Too few hours considered,ERROR: Cleaning code missing,Pass: ≥2 weekend days and ≥3 weekdays
sub-8023,ses-6,Pass,ERROR: Too few hours considered,ERROR: Cleaning code missing,Pass: ≥2 weekend days and ≥3 weekdays
sub-8050,ses-6,Pass,ERROR: Too few hours considered,ERROR: Cleaning code missing,Pass: ≥2 weekend days and ≥3 weekdays
sub-8039,ses-6,Pass,ERROR: Too few hours considered,ERROR: Cleaning code missing,Pass: ≥2 weekend days and ≥3 weekdays
sub-8020,ses-9,Pass,ERROR: Too few hours considered,ERROR: Cleaning code missing,Pass: ≥2 weekend days and ≥3 weekdays
sub-8020,ses-10,Pass,ERROR: Too few hours considered,ERROR: Cleaning code missing,Pass: ≥2 weekend days and ≥3 weekdays
sub-8003,ses-8,Pass,ERROR: Too few hours considered,ERROR: Cleaning code missing,Pass: ≥2 weekend days and ≥3 weekdays
sub-8009,ses-5,Pass,ERROR: Too few hours considered,Pass,Pass: ≥2 weekend days and ≥3 weekdays
sub-8031,ses-10,Pass,ERROR: Too few hours considered,ERROR: Cleaning code missing,Pass: ≥2 weekend days and ≥3 weekdays
sub-8031,ses-9,Pass,ERROR: Too few hours considered,ERROR: Cleaning code missing,Pass: ≥2 weekend days and ≥3 weekdays
sub-8046,ses-6,Pass,WARNING: Exceeds expected hours (possible worn-day mismatch),ERROR: Cleaning code missing,Pass: ≥2 weekend days and ≥3 weekdays
sub-8036,ses-6,Pass,ERROR: Too few hours considered,ERROR: Cleaning code missing,Pass: ≥2 weekend days and ≥3 weekdays
sub-8058,ses-5,Pass,ERROR: Too few hours considered,ERROR: Cleaning code missing,Pass: ≥2 weekend days and ≥3 weekdays
sub-8052,ses-6,Pass,ERROR: Too few hours considered,ERROR: Cleaning code missing,Pass: ≥2 weekend days and ≥3 weekdays
sub-8060,ses-9,Pass,ERROR: Too few hours considered,Pass,Pass: ≥2 weekend days and ≥3 weekdays
sub-8060,ses-10,Pass,ERROR: Too few hours considered,ERROR: Cleaning code missing,Pass: ≥2 weekend days and ≥3 weekdays
sub-8019,ses-7,Pass,ERROR: Too few hours considered,ERROR: Cleaning code missing,Pass: ≥2 weekend days and ≥3 weekdays
sub-8056,ses-8,Pass,ERROR: Too few hours considered,ERROR: Cleaning code missing,Pass: ≥2 weekend days and ≥3 weekdays
sub-8056,ses-9,Pass,ERROR: Too few hours considered,ERROR: Cleaning code missing,Pass: ≥2 weekend days and ≥3 weekdays
sub-8038,ses-6,Pass,WARNING: Exceeds expected hours (possible worn-day mismatch),ERROR: Cleaning code missing,Pass: ≥2 weekend days and ≥3 weekdays
sub-8032,ses-6,Pass,ERROR: Too few hours considered,ERROR: Cleaning code missing,Pass: ≥2 weekend days and ≥3 weekdays
sub-8051,ses-6,Pass,ERROR: Too few hours considered,ERROR: Cleaning code missing,Pass: ≥2 weekend days and ≥3 weekdays
sub-8014,ses-7,Pass,ERROR: Too few hours considered,ERROR: Cleaning code missing,Pass: ≥2 weekend days and ≥3 weekdays
sub-7214,ses-5,Pass,ERROR: Too few hours considered,ERROR: Cleaning code missing,Pass: ≥2 weekend days and ≥3 weekdays
sub-7010,ses-6,Pass,WARNING: Exceeds expected hours (possible worn-day mismatch),ERROR: Cleaning code missing,Pass: ≥2 weekend days and ≥3 weekdays
sub-7055,ses-5,Pass,ERROR: Too few hours considered,Pass,Pass: ≥2 weekend days and ≥3 weekdays
sub-7207,ses-5,Pass,ERROR: Too few hours considered,Pass,Pass: ≥2 weekend days and ≥3 weekdays
sub-7197,ses-5,Pass,ERROR: Too few hours considered,Pass,Pass: ≥2 weekend days and ≥3 weekdays
sub-7003,ses-7,Pass,WARNING: Exceeds expected hours (possible worn-day mismatch),ERROR: Cleaning code missing,Pass: ≥2 weekend days and ≥3 weekdays
sub-7173,ses-5,Pass,ERROR: Too few hours considered,Pass,Pass: ≥2 weekend days and ≥3 weekdays
sub-7190,ses-5,Pass,ERROR: Too few hours considered,Pass,Pass: ≥2 weekend days and ≥3 weekdays
sub-7174,ses-5,Pass,ERROR: Too few hours considered,Pass,Pass: ≥2 weekend days and ≥3 weekdays
sub-7200,ses-5,Pass,ERROR: Too few hours considered,Pass,Pass: ≥2 weekend days and ≥3 weekdays
sub-7221,ses-5,Pass,ERROR: Too few hours considered,Pass,Pass: ≥2 weekend days and ≥3 weekdays
sub-7189,ses-5,Pass,ERROR: Too few hours considered,Pass,Pass: ≥2 weekend days and ≥3 weekdays
sub-7183,ses-6,Pass,ERROR: Too few hours considered,Pass,Pass: ≥2 weekend days and ≥3 weekdays
sub-7213,ses-5,Pass,ERROR: Too few hours considered,Pass,Pass: ≥2 weekend days and ≥3 weekdays
sub-7187,ses-5,Pass,ERROR: Too few hours considered,Pass,Pass: ≥2 weekend days and ≥3 weekdays
sub-7194,ses-5,Pass,ERROR: Too few hours considered,Pass,Pass: ≥2 weekend days and ≥3 weekdays
sub-7204,ses-5,Pass,ERROR: Too few hours considered,Pass,Pass: ≥2 weekend days and ≥3 weekdays
sub-7701,ses-2,Pass,ERROR: Too few hours considered,Pass,Pass: ≥2 weekend days and ≥3 weekdays
sub-7209,ses-5,Pass,ERROR: Too few hours considered,Pass,ERROR: Fewer than 2 weekend days for at least one session
sub-7203,ses-5,Pass,ERROR: Too few hours considered,Pass,ERROR: Fewer than 2 weekend days for at least one session
sub-7199,ses-2,Pass,ERROR: Too few hours considered,Pass,Pass: ≥2 weekend days and ≥3 weekdays
sub-7180,ses-5,Pass,ERROR: Too few hours considered,Pass,Pass: ≥2 weekend days and ≥3 weekdays
sub-7220,ses-5,Pass,ERROR: Too few hours considered,Pass,Pass: ≥2 weekend days and ≥3 weekdays
sub-7182,ses-5,Pass,ERROR: Too few hours considered,Pass,Pass: ≥2 weekend days and ≥3 weekdays
sub-7188,ses-5,Pass,ERROR: Too few hours considered,Pass,Pass: ≥2 weekend days and ≥3 weekdays
sub-7212,ses-5,Pass,ERROR: Too few hours considered,Pass,ERROR: Fewer than 2 weekend days for at least one session
sub-7218,ses-5,Pass,ERROR: Too few hours considered,Pass,Pass: ≥2 weekend days and ≥3 weekdays
sub-7147,ses-5,Pass,ERROR: Too few hours considered,Pass,Pass: ≥2 weekend days and ≥3 weekdays
sub-7175,ses-5,Pass,ERROR: Too few hours considered,Pass,Pass: ≥2 weekend days and ≥3 weekdays
sub-7206,ses-5,Pass,ERROR: Too few hours considered,Pass,Pass: ≥2 weekend days and ≥3 weekdays
sub-7196,ses-5,Pass,ERROR: Too few hours considered,ERROR: Cleaning code missing,ERROR: Fewer than 2 weekend days for at least one session
sub-7215,ses-5,Pass,ERROR: Too few hours considered,Pass,Pass: ≥2 weekend days and ≥3 weekdays
sub-7223,ses-5,Pass,ERROR: Too few hours considered,ERROR: Cleaning code missing,Pass: ≥2 weekend days and ≥3 weekdays
sub-7181,ses-5,Pass,ERROR: Too few hours considered,Pass,Pass: ≥2 weekend days and ≥3 weekdays
sub-7202,ses-5,Pass,ERROR: Too few hours considered,Pass,Pass: ≥2 weekend days and ≥3 weekdays
sub-7208,ses-5,Pass,ERROR: Too few hours considered,Pass,Pass: ≥2 weekend days and ≥3 weekdays
sub-7192,ses-5,Pass,ERROR: Too few hours considered,Pass,Pass: ≥2 weekend days and ≥3 weekdays
sub-7176,ses-5,Pass,ERROR: Too few hours considered,Pass,Pass: ≥2 weekend days and ≥3 weekdays
sub-7195,ses-5,Pass,ERROR: Too few hours considered,Pass,Pass: ≥2 weekend days and ≥3 weekdays
sub-7171,ses-5,Pass,ERROR: Too few hours considered,Pass,Pass: ≥2 weekend days and ≥3 weekdays
sub-7700,ses-5,Pass,ERROR: Too few hours considered,Pass,Pass: ≥2 weekend days and ≥3 weekdays
sub-7186,ses-5,Pass,ERROR: Too few hours considered,Pass,Pass: ≥2 weekend days and ≥3 weekdays
sub-7216,ses-5,Pass,ERROR: Too few hours considered,Pass,Pass: ≥2 weekend days and ≥3 weekdays
sub-8053,ses-7,Pass,ERROR: Too few hours considered,ERROR: Cleaning code missing,Pass: ≥2 weekend days and ≥3 weekdays
sub-8061,ses-6,Pass,ERROR: Too few hours considered,ERROR: Cleaning code missing,Pass: ≥2 weekend days and ≥3 weekdays
sub-8016,ses-7,Pass,ERROR: Too few hours considered,ERROR: Cleaning code missing,Pass: ≥2 weekend days and ≥3 weekdays
sub-8040,ses-7,Pass,ERROR: Too few hours considered,ERROR: Cleaning code missing,Pass: ≥2 weekend days and ≥3 weekdays
sub-8005,ses-14,Pass,ERROR: Too few hours considered,ERROR: Cleaning code missing,Pass: ≥2 weekend days and ≥3 weekdays
sub-8005,ses-15,Pass,ERROR: Too few hours considered,ERROR: Cleaning code missing,Pass: ≥2 weekend days and ≥3 weekdays
sub-8047,ses-7,Pass,ERROR: Too few hours considered,ERROR: Cleaning code missing,Pass: ≥2 weekend days and ≥3 weekdays
sub-8030,ses-6,Pass,ERROR: Too few hours considered,ERROR: Cleaning code missing,Pass: ≥2 weekend days and ≥3 weekdays
sub-8011,ses-13,Pass,ERROR: Too few hours considered,ERROR: Cleaning code missing,Pass: ≥2 weekend days and ≥3 weekdays
sub-8011,ses-12,Pass,ERROR: Too few hours considered,ERROR: Cleaning code missing,Pass: ≥2 weekend days and ≥3 weekdays
sub-8054,ses-6,Pass,ERROR: Too few hours considered,ERROR: Cleaning code missing,Pass: ≥2 weekend days and ≥3 weekdays
sub-8023,ses-7,Pass,ERROR: Too few hours considered,ERROR: Cleaning code missing,Pass: ≥2 weekend days and ≥3 weekdays
sub-8050,ses-7,Pass,ERROR: Too few hours considered,ERROR: Cleaning code missing,Pass: ≥2 weekend days and ≥3 weekdays
sub-8039,ses-7,Pass,ERROR: Too few hours considered,ERROR: Cleaning code missing,Pass: ≥2 weekend days and ≥3 weekdays
sub-8020,ses-12,Pass,ERROR: Too few hours considered,ERROR: Cleaning code missing,Pass: ≥2 weekend days and ≥3 weekdays
sub-8020,ses-11,Pass,ERROR: Too few hours considered,ERROR: Cleaning code missing,Pass: ≥2 weekend days and ≥3 weekdays
sub-8003,ses-9,Pass,ERROR: Too few hours considered,ERROR: Cleaning code missing,Pass: ≥2 weekend days and ≥3 weekdays
sub-8009,ses-6,Pass,ERROR: Too few hours considered,Pass,Pass: ≥2 weekend days and ≥3 weekdays
sub-8031,ses-11,Pass,ERROR: Too few hours considered,ERROR: Cleaning code missing,Pass: ≥2 weekend days and ≥3 weekdays
sub-8031,ses-12,Pass,ERROR: Too few hours considered,ERROR: Cleaning code missing,Pass: ≥2 weekend days and ≥3 weekdays
sub-8046,ses-7,Pass,WARNING: Exceeds expected hours (possible worn-day mismatch),ERROR: Cleaning code missing,Pass: ≥2 weekend days and ≥3 weekdays
sub-8036,ses-7,Pass,ERROR: Too few hours considered,ERROR: Cleaning code missing,Pass: ≥2 weekend days and ≥3 weekdays
sub-8058,ses-6,Pass,ERROR: Too few hours considered,ERROR: Cleaning code missing,Pass: ≥2 weekend days and ≥3 weekdays
sub-8052,ses-7,Pass,ERROR: Too few hours considered,ERROR: Cleaning code missing,Pass: ≥2 weekend days and ≥3 weekdays
sub-8060,ses-12,Pass,ERROR: Too few hours considered,ERROR: Cleaning code missing,Pass: ≥2 weekend days and ≥3 weekdays
sub-8060,ses-11,Pass,ERROR: Too few hours considered,Pass,Pass: ≥2 weekend days and ≥3 weekdays
sub-8019,ses-8,Pass,ERROR: Too few hours considered,ERROR: Cleaning code missing,Pass: ≥2 weekend days and ≥3 weekdays
sub-8056,ses-10,Pass,ERROR: Too few hours considered,ERROR: Cleaning code missing,Pass: ≥2 weekend days and ≥3 weekdays
sub-8056,ses-11,Pass,ERROR: Too few hours considered,ERROR: Cleaning code missing,Pass: ≥2 weekend days and ≥3 weekdays
sub-8038,ses-7,Pass,WARNING: Exceeds expected hours (possible worn-day mismatch),ERROR: Cleaning code missing,Pass: ≥2 weekend days and ≥3 weekdays
sub-8032,ses-7,Pass,ERROR: Too few hours considered,ERROR: Cleaning code missing,Pass: ≥2 weekend days and ≥3 weekdays
sub-8051,ses-7,Pass,ERROR: Too few hours considered,ERROR: Cleaning code missing,Pass: ≥2 weekend days and ≥3 weekdays
sub-8014,ses-8,Pass,ERROR: Too few hours considered,ERROR: Cleaning code missing,Pass: ≥2 weekend days and ≥3 weekdays
sub-7214,ses-6,Pass,ERROR: Too few hours considered,ERROR: Cleaning code missing,Pass: ≥2 weekend days and ≥3 weekdays
sub-7010,ses-7,Pass,WARNING: Exceeds expected hours (possible worn-day mismatch),ERROR: Cleaning code missing,Pass: ≥2 weekend days and ≥3 weekdays
sub-7055,ses-6,Pass,ERROR: Too few hours considered,Pass,Pass: ≥2 weekend days and ≥3 weekdays
sub-7207,ses-6,Pass,ERROR: Too few hours considered,Pass,Pass: ≥2 weekend days and ≥3 weekdays
sub-7197,ses-6,Pass,ERROR: Too few hours considered,Pass,Pass: ≥2 weekend days and ≥3 weekdays
sub-7003,ses-8,Pass,WARNING: Exceeds expected hours (possible worn-day mismatch),ERROR: Cleaning code missing,Pass: ≥2 weekend days and ≥3 weekdays
sub-7173,ses-6,Pass,ERROR: Too few hours considered,Pass,Pass: ≥2 weekend days and ≥3 weekdays
sub-7190,ses-6,Pass,ERROR: Too few hours considered,Pass,Pass: ≥2 weekend days and ≥3 weekdays
sub-7174,ses-6,Pass,ERROR: Too few hours considered,Pass,Pass: ≥2 weekend days and ≥3 weekdays
sub-7200,ses-6,Pass,ERROR: Too few hours considered,Pass,Pass: ≥2 weekend days and ≥3 weekdays
sub-7221,ses-6,Pass,ERROR: Too few hours considered,Pass,Pass: ≥2 weekend days and ≥3 weekdays
sub-7189,ses-6,Pass,ERROR: Too few hours considered,Pass,Pass: ≥2 weekend days and ≥3 weekdays
sub-7183,ses-7,Pass,ERROR: Too few hours considered,Pass,Pass: ≥2 weekend days and ≥3 weekdays
sub-7213,ses-6,Pass,ERROR: Too few hours considered,Pass,Pass: ≥2 weekend days and ≥3 weekdays
sub-7187,ses-6,Pass,ERROR: Too few hours considered,Pass,Pass: ≥2 weekend days and ≥3 weekdays
sub-7194,ses-6,Pass,ERROR: Too few hours considered,Pass,Pass: ≥2 weekend days and ≥3 weekdays
sub-7204,ses-6,Pass,ERROR: Too few hours considered,Pass,Pass: ≥2 weekend days and ≥3 weekdays
sub-7701,ses-3,Pass,ERROR: Too few hours considered,Pass,Pass: ≥2 weekend days and ≥3 weekdays
sub-7209,ses-6,Pass,ERROR: Too few hours considered,Pass,ERROR: Fewer than 2 weekend days for at least one session
sub-7203,ses-6,Pass,ERROR: Too few hours considered,Pass,ERROR: Fewer than 2 weekend days for at least one session
sub-7199,ses-3,Pass,ERROR: Too few hours considered,Pass,Pass: ≥2 weekend days and ≥3 weekdays
sub-7180,ses-6,Pass,ERROR: Too few hours considered,Pass,Pass: ≥2 weekend days and ≥3 weekdays
sub-7220,ses-6,Pass,ERROR: Too few hours considered,Pass,Pass: ≥2 weekend days and ≥3 weekdays
sub-7182,ses-6,Pass,ERROR: Too few hours considered,Pass,Pass: ≥2 weekend days and ≥3 weekdays
sub-7188,ses-6,Pass,ERROR: Too few hours considered,Pass,Pass: ≥2 weekend days and ≥3 weekdays
sub-7212,ses-6,Pass,ERROR: Too few hours considered,Pass,ERROR: Fewer than 2 weekend days for at least one session
sub-7218,ses-6,Pass,ERROR: Too few hours considered,Pass,Pass: ≥2 weekend days and ≥3 weekdays
sub-7147,ses-6,Pass,ERROR: Too few hours considered,Pass,Pass: ≥2 weekend days and ≥3 weekdays
sub-7175,ses-6,Pass,ERROR: Too few hours considered,Pass,Pass: ≥2 weekend days and ≥3 weekdays
sub-7206,ses-6,Pass,ERROR: Too few hours considered,Pass,Pass: ≥2 weekend days and ≥3 weekdays
sub-7196,ses-6,Pass,ERROR: Too few hours considered,ERROR: Cleaning code missing,ERROR: Fewer than 2 weekend days for at least one session
sub-7215,ses-6,Pass,ERROR: Too few hours considered,Pass,Pass: ≥2 weekend days and ≥3 weekdays
sub-7223,ses-6,Pass,ERROR: Too few hours considered,ERROR: Cleaning code missing,Pass: ≥2 weekend days and ≥3 weekdays
sub-7181,ses-6,Pass,ERROR: Too few hours considered,Pass,Pass: ≥2 weekend days and ≥3 weekdays
sub-7202,ses-6,Pass,ERROR: Too few hours considered,Pass,Pass: ≥2 weekend days and ≥3 weekdays
sub-7208,ses-6,Pass,ERROR: Too few hours considered,Pass,Pass: ≥2 weekend days and ≥3 weekdays
sub-7192,ses-6,Pass,ERROR: Too few hours considered,Pass,Pass: ≥2 weekend days and ≥3 weekdays
sub-7176,ses-6,Pass,ERROR: Too few hours considered,Pass,Pass: ≥2 weekend days and ≥3 weekdays
sub-7195,ses-6,Pass,ERROR: Too few hours considered,Pass,Pass: ≥2 weekend days and ≥3 weekdays
sub-7171,ses-6,Pass,ERROR: Too few hours considered,Pass,Pass: ≥2 weekend days and ≥3 weekdays
sub-7700,ses-6,Pass,ERROR: Too few hours considered,Pass,Pass: ≥2 weekend days and ≥3 weekdays
sub-7186,ses-6,Pass,ERROR: Too few hours considered,Pass,Pass: ≥2 weekend days and ≥3 weekdays
sub-7216,ses-6,Pass,ERROR: Too few hours considered,Pass,Pass: ≥2 weekend days and ≥3 weekdays
sub-8053,ses-8,Pass,ERROR: Too few hours considered,ERROR: Cleaning code missing,Pass: ≥2 weekend days and ≥3 weekdays
sub-8061,ses-7,Pass,ERROR: Too few hours considered,ERROR: Cleaning code missing,Pass: ≥2 weekend days and ≥3 weekdays
sub-8016,ses-8,Pass,ERROR: Too few hours considered,ERROR: Cleaning code missing,Pass: ≥2 weekend days and ≥3 weekdays
sub-8040,ses-8,Pass,ERROR: Too few hours considered,ERROR: Cleaning code missing,Pass: ≥2 weekend days and ≥3 weekdays
sub-8005,ses-17,Pass,ERROR: Too few hours considered,ERROR: Cleaning code missing,Pass: ≥2 weekend days and ≥3 weekdays
sub-8005,ses-16,Pass,ERROR: Too few hours considered,ERROR: Cleaning code missing,Pass: ≥2 weekend days and ≥3 weekdays
sub-8047,ses-8,Pass,ERROR: Too few hours considered,ERROR: Cleaning code missing,Pass: ≥2 weekend days and ≥3 weekdays
sub-8030,ses-7,Pass,ERROR: Too few hours considered,ERROR: Cleaning code missing,Pass: ≥2 weekend days and ≥3 weekdays
sub-8011,ses-14,Pass,ERROR: Too few hours considered,ERROR: Cleaning code missing,Pass: ≥2 weekend days and ≥3 weekdays
sub-8011,ses-15,Pass,ERROR: Too few hours considered,ERROR: Cleaning code missing,Pass: ≥2 weekend days and ≥3 weekdays
sub-8054,ses-7,Pass,ERROR: Too few hours considered,ERROR: Cleaning code missing,Pass: ≥2 weekend days and ≥3 weekdays
sub-8050,ses-8,Pass,ERROR: Too few hours considered,ERROR: Cleaning code missing,Pass: ≥2 weekend days and ≥3 weekdays
sub-8039,ses-8,Pass,ERROR: Too few hours considered,ERROR: Cleaning code missing,Pass: ≥2 weekend days and ≥3 weekdays
sub-8020,ses-14,Pass,ERROR: Too few hours considered,ERROR: Cleaning code missing,Pass: ≥2 weekend days and ≥3 weekdays
sub-8020,ses-13,Pass,ERROR: Too few hours considered,ERROR: Cleaning code missing,Pass: ≥2 weekend days and ≥3 weekdays
sub-8022,ses-5,Pass,ERROR: Too few hours considered,ERROR: Cleaning code missing,Pass: ≥2 weekend days and ≥3 weekdays
sub-8003,ses-10,Pass,ERROR: Too few hours considered,ERROR: Cleaning code missing,Pass: ≥2 weekend days and ≥3 weekdays
sub-8009,ses-7,Pass,ERROR: Too few hours considered,Pass,Pass: ≥2 weekend days and ≥3 weekdays
sub-8031,ses-13,Pass,ERROR: Too few hours considered,ERROR: Cleaning code missing,Pass: ≥2 weekend days and ≥3 weekdays
sub-8031,ses-14,Pass,ERROR: Too few hours considered,ERROR: Cleaning code missing,Pass: ≥2 weekend days and ≥3 weekdays
sub-8046,ses-8,Pass,WARNING: Exceeds expected hours (possible worn-day mismatch),ERROR: Cleaning code missing,Pass: ≥2 weekend days and ≥3 weekdays
sub-8036,ses-8,Pass,ERROR: Too few hours considered,ERROR: Cleaning code missing,Pass: ≥2 weekend days and ≥3 weekdays
sub-8058,ses-7,Pass,ERROR: Too few hours considered,ERROR: Cleaning code missing,Pass: ≥2 weekend days and ≥3 weekdays
sub-8052,ses-8,Pass,ERROR: Too few hours considered,ERROR: Cleaning code missing,Pass: ≥2 weekend days and ≥3 weekdays
sub-8060,ses-14,Pass,ERROR: Too few hours considered,ERROR: Cleaning code missing,Pass: ≥2 weekend days and ≥3 weekdays
sub-8060,ses-13,Pass,ERROR: Too few hours considered,Pass,Pass: ≥2 weekend days and ≥3 weekdays
sub-8019,ses-9,Pass,ERROR: Too few hours considered,ERROR: Cleaning code missing,Pass: ≥2 weekend days and ≥3 weekdays
sub-8056,ses-13,Pass,ERROR: Too few hours considered,ERROR: Cleaning code missing,Pass: ≥2 weekend days and ≥3 weekdays
sub-8056,ses-12,Pass,ERROR: Too few hours considered,ERROR: Cleaning code missing,Pass: ≥2 weekend days and ≥3 weekdays
sub-8038,ses-8,Pass,WARNING: Exceeds expected hours (possible worn-day mismatch),ERROR: Cleaning code missing,Pass: ≥2 weekend days and ≥3 weekdays
sub-8032,ses-8,Pass,ERROR: Too few hours considered,ERROR: Cleaning code missing,Pass: ≥2 weekend days and ≥3 weekdays
sub-8051,ses-8,Pass,ERROR: Too few hours considered,ERROR: Cleaning code missing,Pass: ≥2 weekend days and ≥3 weekdays
sub-8014,ses-9,Pass,ERROR: Too few hours considered,ERROR: Cleaning code missing,Pass: ≥2 weekend days and ≥3 weekdays
sub-7214,ses-7,Pass,ERROR: Too few hours considered,ERROR: Cleaning code missing,Pass: ≥2 weekend days and ≥3 weekdays
sub-7010,ses-8,Pass,WARNING: Exceeds expected hours (possible worn-day mismatch),ERROR: Cleaning code missing,Pass: ≥2 weekend days and ≥3 weekdays
sub-7055,ses-7,Pass,ERROR: Too few hours considered,Pass,Pass: ≥2 weekend days and ≥3 weekdays
sub-7207,ses-7,Pass,ERROR: Too few hours considered,Pass,Pass: ≥2 weekend days and ≥3 weekdays
sub-7197,ses-7,Pass,ERROR: Too few hours considered,Pass,Pass: ≥2 weekend days and ≥3 weekdays
sub-7003,ses-9,Pass,WARNING: Exceeds expected hours (possible worn-day mismatch),ERROR: Cleaning code missing,Pass: ≥2 weekend days and ≥3 weekdays
sub-7173,ses-7,Pass,ERROR: Too few hours considered,Pass,Pass: ≥2 weekend days and ≥3 weekdays
sub-7190,ses-7,Pass,ERROR: Too few hours considered,Pass,Pass: ≥2 weekend days and ≥3 weekdays
sub-7174,ses-7,Pass,ERROR: Too few hours considered,Pass,Pass: ≥2 weekend days and ≥3 weekdays
sub-7200,ses-7,Pass,ERROR: Too few hours considered,Pass,Pass: ≥2 weekend days and ≥3 weekdays
sub-7221,ses-7,Pass,ERROR: Too few hours considered,Pass,Pass: ≥2 weekend days and ≥3 weekdays
sub-7189,ses-7,Pass,ERROR: Too few hours considered,Pass,Pass: ≥2 weekend days and ≥3 weekdays
sub-7183,ses-8,Pass,ERROR: Too few hours considered,Pass,Pass: ≥2 weekend days and ≥3 weekdays
sub-7213,ses-7,Pass,ERROR: Too few hours considered,Pass,Pass: ≥2 weekend days and ≥3 weekdays
sub-7187,ses-7,Pass,ERROR: Too few hours considered,Pass,Pass: ≥2 weekend days and ≥3 weekdays
sub-7194,ses-7,Pass,ERROR: Too few hours considered,Pass,Pass: ≥2 weekend days and ≥3 weekdays
sub-7204,ses-7,Pass,ERROR: Too few hours considered,Pass,Pass: ≥2 weekend days and ≥3 weekdays
sub-7701,ses-4,Pass,ERROR: Too few hours considered,Pass,Pass: ≥2 weekend days and ≥3 weekdays
sub-7209,ses-7,Pass,ERROR: Too few hours considered,Pass,ERROR: Fewer than 2 weekend days for at least one session
sub-7203,ses-7,Pass,ERROR: Too few hours considered,Pass,ERROR: Fewer than 2 weekend days for at least one session
sub-7199,ses-4,Pass,ERROR: Too few hours considered,Pass,Pass: ≥2 weekend days and ≥3 weekdays
sub-7180,ses-7,Pass,ERROR: Too few hours considered,Pass,Pass: ≥2 weekend days and ≥3 weekdays
sub-7220,ses-7,Pass,ERROR: Too few hours considered,Pass,Pass: ≥2 weekend days and ≥3 weekdays
sub-7182,ses-7,Pass,ERROR: Too few hours considered,Pass,Pass: ≥2 weekend days and ≥3 weekdays
sub-7188,ses-7,Pass,ERROR: Too few hours considered,Pass,Pass: ≥2 weekend days and ≥3 weekdays
sub-7212,ses-7,Pass,ERROR: Too few hours considered,Pass,ERROR: Fewer than 2 weekend days for at least one session
sub-7218,ses-7,Pass,ERROR: Too few hours considered,Pass,Pass: ≥2 weekend days and ≥3 weekdays
sub-7147,ses-7,Pass,ERROR: Too few hours considered,Pass,Pass: ≥2 weekend days and ≥3 weekdays
sub-7175,ses-7,Pass,ERROR: Too few hours considered,Pass,Pass: ≥2 weekend days and ≥3 weekdays
sub-7206,ses-7,Pass,ERROR: Too few hours considered,Pass,Pass: ≥2 weekend days and ≥3 weekdays
sub-7196,ses-7,Pass,ERROR: Too few hours considered,ERROR: Cleaning code missing,ERROR: Fewer than 2 weekend days for at least one session
sub-7215,ses-7,Pass,ERROR: Too few hours considered,Pass,Pass: ≥2 weekend days and ≥3 weekdays
sub-7223,ses-7,Pass,ERROR: Too few hours considered,ERROR: Cleaning code missing,Pass: ≥2 weekend days and ≥3 weekdays
sub-7181,ses-7,Pass,ERROR: Too few hours considered,Pass,Pass: ≥2 weekend days and ≥3 weekdays
sub-7202,ses-7,Pass,ERROR: Too few hours considered,Pass,Pass: ≥2 weekend days and ≥3 weekdays
sub-7208,ses-7,Pass,ERROR: Too few hours considered,Pass,Pass: ≥2 weekend days and ≥3 weekdays
sub-7192,ses-7,Pass,ERROR: Too few hours considered,Pass,Pass: ≥2 weekend days and ≥3 weekdays
sub-7176,ses-7,Pass,ERROR: Too few hours considered,Pass,Pass: ≥2 weekend days and ≥3 weekdays
sub-7195,ses-7,Pass,ERROR: Too few hours considered,Pass,Pass: ≥2 weekend days and ≥3 weekdays
sub-7171,ses-7,Pass,ERROR: Too few hours considered,Pass,Pass: ≥2 weekend days and ≥3 weekdays
sub-7700,ses-7,Pass,ERROR: Too few hours considered,Pass,Pass: ≥2 weekend days and ≥3 weekdays
sub-7186,ses-7,Pass,ERROR: Too few hours considered,Pass,Pass: ≥2 weekend days and ≥3 weekdays
sub-7216,ses-7,Pass,ERROR: Too few hours considered,Pass,Pass: ≥2 weekend days and ≥3 weekdays
>>>>>>> 77463126661d2d8dd46654410d811d2b3d50bf5f,,,,,
sub-8075,ses-1,Pass,ERROR: Too few hours considered,ERROR: Cleaning code missing,Pass: ≥2 weekend days and ≥3 weekdays
sub-8076,ses-1,Pass,ERROR: Too few hours considered,ERROR: Cleaning code missing,Pass: ≥2 weekend days and ≥3 weekdays
sub-8068,ses-1,Pass,ERROR: Too few hours considered,ERROR: Cleaning code missing,Pass: ≥2 weekend days and ≥3 weekdays
sub-8084,ses-1,Pass,ERROR: Too few hours considered,ERROR: Cleaning code missing,Pass: ≥2 weekend days and ≥3 weekdays
sub-8069,ses-1,Pass,ERROR: Too few hours considered,ERROR: Cleaning code missing,Pass: ≥2 weekend days and ≥3 weekdays
sub-7232,ses-1,Pass,ERROR: Too few hours considered,Pass,Pass: ≥2 weekend days and ≥3 weekdays
sub-7705,ses-1,Pass,ERROR: Too few hours considered,ERROR: Cleaning code missing,ERROR: Fewer than 3 weekdays for at least one session
sub-7238,ses-1,Pass,ERROR: Too few hours considered,Pass,Pass: ≥2 weekend days and ≥3 weekdays
sub-7242,ses-1,Pass,ERROR: Too few hours considered,Pass,Pass: ≥2 weekend days and ≥3 weekdays
sub-7235,ses-1,Pass,ERROR: Too few hours considered,Pass,Pass: ≥2 weekend days and ≥3 weekdays
sub-7708,ses-1,Pass,ERROR: Too few hours considered,Pass,Pass: ≥2 weekend days and ≥3 weekdays
sub-7248,ses-1,Pass,ERROR: Too few hours considered,Pass,Pass: ≥2 weekend days and ≥3 weekdays
sub-7723,ses-1,Pass,ERROR: Too few hours considered,Pass,Pass: ≥2 weekend days and ≥3 weekdays
sub-7226,ses-1,Pass,Pass,Pass,Pass: ≥2 weekend days and ≥3 weekdays
sub-7715,ses-1,Pass,ERROR: Too few hours considered,Pass,Pass: ≥2 weekend days and ≥3 weekdays
sub-7706,ses-1,Pass,ERROR: Too few hours considered,Pass,Pass: ≥2 weekend days and ≥3 weekdays
sub-7231,ses-1,Pass,ERROR: Too few hours considered,Pass,Pass: ≥2 weekend days and ≥3 weekdays
sub-7252,ses-1,Pass,ERROR: Too few hours considered,Pass,Pass: ≥2 weekend days and ≥3 weekdays
sub-7718,ses-1,Pass,ERROR: Too few hours considered,Pass,Pass: ≥2 weekend days and ≥3 weekdays
sub-7250,ses-1,Pass,ERROR: Too few hours considered,Pass,Pass: ≥2 weekend days and ≥3 weekdays
sub-7709,ses-1,Pass,ERROR: Too few hours considered,Pass,Pass: ≥2 weekend days and ≥3 weekdays
sub-7234,ses-1,Pass,ERROR: Too few hours considered,Pass,ERROR: Fewer than 2 weekend days for at least one session
sub-7239,ses-1,Pass,ERROR: Too few hours considered,Pass,Pass: ≥2 weekend days and ≥3 weekdays
sub-7704,ses-1,Pass,ERROR: Too few hours considered,Pass,Pass: ≥2 weekend days and ≥3 weekdays
sub-7233,ses-1,Pass,ERROR: Too few hours considered,Pass,Pass: ≥2 weekend days and ≥3 weekdays
sub-7721,ses-1,Pass,ERROR: Too few hours considered,Pass,Pass: ≥2 weekend days and ≥3 weekdays
sub-7713,ses-1,Pass,ERROR: Too few hours considered,Pass,Pass: ≥2 weekend days and ≥3 weekdays
sub-7240,ses-1,Pass,ERROR: Too few hours considered,Pass,Pass: ≥2 weekend days and ≥3 weekdays
sub-7237,ses-1,Pass,ERROR: Too few hours considered,Pass,Pass: ≥2 weekend days and ≥3 weekdays
sub-7230,ses-1,Pass,ERROR: Too few hours considered,Pass,Pass: ≥2 weekend days and ≥3 weekdays
sub-7229,ses-1,Pass,Pass,Pass,Pass: ≥2 weekend days and ≥3 weekdays
sub-7714,ses-1,Pass,ERROR: Too few hours considered,Pass,Pass: ≥2 weekend days and ≥3 weekdays
sub-7254,ses-1,Pass,ERROR: Too few hours considered,ERROR: Cleaning code missing,Pass: ≥2 weekend days and ≥3 weekdays
sub-7724,ses-1,Pass,ERROR: Too few hours considered,Pass,Pass: ≥2 weekend days and ≥3 weekdays
sub-7255,ses-1,Pass,ERROR: Too few hours considered,Pass,Pass: ≥2 weekend days and ≥3 weekdays
sub-7246,ses-1,Pass,ERROR: Too few hours considered,Pass,Pass: ≥2 weekend days and ≥3 weekdays
sub-7733,ses-1,Pass,ERROR: Too few hours considered,Pass,Pass: ≥2 weekend days and ≥3 weekdays
sub-7249,ses-1,Pass,ERROR: Too few hours considered,Pass,Pass: ≥2 weekend days and ≥3 weekdays
sub-7243,ses-1,Pass,ERROR: Too few hours considered,Pass,Pass: ≥2 weekend days and ≥3 weekdays
sub-7717,ses-1,Pass,ERROR: Too few hours considered,Pass,Pass: ≥2 weekend days and ≥3 weekdays
sub-7707,ses-1,Pass,ERROR: Too few hours considered,Pass,Pass: ≥2 weekend days and ≥3 weekdays
sub-8070,ses-2,Pass,ERROR: Too few hours considered,ERROR: Cleaning code missing,Pass: ≥2 weekend days and ≥3 weekdays
sub-7732,ses-1,Pass,ERROR: Too few hours considered,Pass,Pass: ≥2 weekend days and ≥3 weekdays
sub-7251,ses-1,Pass,ERROR: Too few hours considered,Pass,Pass: ≥2 weekend days and ≥3 weekdays
sub-7710,ses-1,Pass,ERROR: Too few hours considered,ERROR: Cleaning code missing,Pass: ≥2 weekend days and ≥3 weekdays
